#include <Arduino.h>

const uint8_t SF_Mono_Bold24_vlw[] = {
  0x00, 0x00, 0x00, 0x63, 0x00, 0x00, 0x00, 0x0b, 0x00, 0x00, 0x00, 0x18,
  0x00, 0x00, 0x00, 0x00, 0x00, 0x00, 0x00, 0x12, 0x00, 0x00, 0x00, 0x05,
  0x00, 0x00, 0x00, 0x21, 0x00, 0x00, 0x00, 0x12, 0x00, 0x00, 0x00, 0x05,
  0x00, 0x00, 0x00, 0x0f, 0x00, 0x00, 0x00, 0x11, 0x00, 0x00, 0x00, 0x05,
  0x00, 0x00, 0x00, 0x00, 0x00, 0x00, 0x00, 0x22, 0x00, 0x00, 0x00, 0x09,
  0x00, 0x00, 0x00, 0x09, 0x00, 0x00, 0x00, 0x0f, 0x00, 0x00, 0x00, 0x11,
  0x00, 0x00, 0x00, 0x03, 0x00, 0x00, 0x00, 0x00, 0x00, 0x00, 0x00, 0x23,
  0x00, 0x00, 0x00, 0x11, 0x00, 0x00, 0x00, 0x0f, 0x00, 0x00, 0x00, 0x0f,
  0x00, 0x00, 0x00, 0x11, 0x00, 0x00, 0x00, 0x00, 0x00, 0x00, 0x00, 0x00,
  0x00, 0x00, 0x00, 0x24, 0x00, 0x00, 0x00, 0x15, 0x00, 0x00, 0x00, 0x0d,
  0x00, 0x00, 0x00, 0x0f, 0x00, 0x00, 0x00, 0x13, 0x00, 0x00, 0x00, 0x01,
  0x00, 0x00, 0x00, 0x00, 0x00, 0x00, 0x00, 0x25, 0x00, 0x00, 0x00, 0x13,
  0x00, 0x00, 0x00, 0x0f, 0x00, 0x00, 0x00, 0x0f, 0x00, 0x00, 0x00, 0x12,
  0x00, 0x00, 0x00, 0x00, 0x00, 0x00, 0x00, 0x00, 0x00, 0x00, 0x00, 0x26,
  0x00, 0x00, 0x00, 0x13, 0x00, 0x00, 0x00, 0x0f, 0x00, 0x00, 0x00, 0x0f,
  0x00, 0x00, 0x00, 0x12, 0x00, 0x00, 0x00, 0x00, 0x00, 0x00, 0x00, 0x00,
  0x00, 0x00, 0x00, 0x27, 0x00, 0x00, 0x00, 0x09, 0x00, 0x00, 0x00, 0x04,
  0x00, 0x00, 0x00, 0x0f, 0x00, 0x00, 0x00, 0x11, 0x00, 0x00, 0x00, 0x05,
  0x00, 0x00, 0x00, 0x00, 0x00, 0x00, 0x00, 0x28, 0x00, 0x00, 0x00, 0x17,
  0x00, 0x00, 0x00, 0x08, 0x00, 0x00, 0x00, 0x0f, 0x00, 0x00, 0x00, 0x14,
  0x00, 0x00, 0x00, 0x04, 0x00, 0x00, 0x00, 0x00, 0x00, 0x00, 0x00, 0x29,
  0x00, 0x00, 0x00, 0x17, 0x00, 0x00, 0x00, 0x08, 0x00, 0x00, 0x00, 0x0f,
  0x00, 0x00, 0x00, 0x14, 0x00, 0x00, 0x00, 0x03, 0x00, 0x00, 0x00, 0x00,
  0x00, 0x00, 0x00, 0x2a, 0x00, 0x00, 0x00, 0x0f, 0x00, 0x00, 0x00, 0x0e,
  0x00, 0x00, 0x00, 0x0f, 0x00, 0x00, 0x00, 0x0f, 0x00, 0x00, 0x00, 0x00,
  0x00, 0x00, 0x00, 0x00, 0x00, 0x00, 0x00, 0x2b, 0x00, 0x00, 0x00, 0x0d,
  0x00, 0x00, 0x00, 0x0d, 0x00, 0x00, 0x00, 0x0f, 0x00, 0x00, 0x00, 0x0e,
  0x00, 0x00, 0x00, 0x01, 0x00, 0x00, 0x00, 0x00, 0x00, 0x00, 0x00, 0x2c,
  0x00, 0x00, 0x00, 0x0a, 0x00, 0x00, 0x00, 0x06, 0x00, 0x00, 0x00, 0x0f,
  0x00, 0x00, 0x00, 0x05, 0x00, 0x00, 0x00, 0x03, 0x00, 0x00, 0x00, 0x00,
  0x00, 0x00, 0x00, 0x2d, 0x00, 0x00, 0x00, 0x03, 0x00, 0x00, 0x00, 0x0d,
  0x00, 0x00, 0x00, 0x0f, 0x00, 0x00, 0x00, 0x09, 0x00, 0x00, 0x00, 0x01,
  0x00, 0x00, 0x00, 0x00, 0x00, 0x00, 0x00, 0x2e, 0x00, 0x00, 0x00, 0x07,
  0x00, 0x00, 0x00, 0x06, 0x00, 0x00, 0x00, 0x0f, 0x00, 0x00, 0x00, 0x06,
  0x00, 0x00, 0x00, 0x04, 0x00, 0x00, 0x00, 0x00, 0x00, 0x00, 0x00, 0x2f,
  0x00, 0x00, 0x00, 0x17, 0x00, 0x00, 0x00, 0x0c, 0x00, 0x00, 0x00, 0x0f,
  0x00, 0x00, 0x00, 0x14, 0x00, 0x00, 0x00, 0x01, 0x00, 0x00, 0x00, 0x00,
  0x00, 0x00, 0x00, 0x30, 0x00, 0x00, 0x00, 0x13, 0x00, 0x00, 0x00, 0x0d,
  0x00, 0x00, 0x00, 0x0f, 0x00, 0x00, 0x00, 0x12, 0x00, 0x00, 0x00, 0x01,
  0x00, 0x00, 0x00, 0x00, 0x00, 0x00, 0x00, 0x31, 0x00, 0x00, 0x00, 0x11,
  0x00, 0x00, 0x00, 0x0d, 0x00, 0x00, 0x00, 0x0f, 0x00, 0x00, 0x00, 0x11,
  0x00, 0x00, 0x00, 0x01, 0x00, 0x00, 0x00, 0x00, 0x00, 0x00, 0x00, 0x32,
  0x00, 0x00, 0x00, 0x12, 0x00, 0x00, 0x00, 0x0d, 0x00, 0x00, 0x00, 0x0f,
  0x00, 0x00, 0x00, 0x12, 0x00, 0x00, 0x00, 0x01, 0x00, 0x00, 0x00, 0x00,
  0x00, 0x00, 0x00, 0x33, 0x00, 0x00, 0x00, 0x13, 0x00, 0x00, 0x00, 0x0d,
  0x00, 0x00, 0x00, 0x0f, 0x00, 0x00, 0x00, 0x12, 0x00, 0x00, 0x00, 0x01,
  0x00, 0x00, 0x00, 0x00, 0x00, 0x00, 0x00, 0x34, 0x00, 0x00, 0x00, 0x11,
  0x00, 0x00, 0x00, 0x0e, 0x00, 0x00, 0x00, 0x0f, 0x00, 0x00, 0x00, 0x11,
  0x00, 0x00, 0x00, 0x01, 0x00, 0x00, 0x00, 0x00, 0x00, 0x00, 0x00, 0x35,
  0x00, 0x00, 0x00, 0x12, 0x00, 0x00, 0x00, 0x0d, 0x00, 0x00, 0x00, 0x0f,
  0x00, 0x00, 0x00, 0x11, 0x00, 0x00, 0x00, 0x01, 0x00, 0x00, 0x00, 0x00,
  0x00, 0x00, 0x00, 0x36, 0x00, 0x00, 0x00, 0x12, 0x00, 0x00, 0x00, 0x0d,
  0x00, 0x00, 0x00, 0x0f, 0x00, 0x00, 0x00, 0x11, 0x00, 0x00, 0x00, 0x01,
  0x00, 0x00, 0x00, 0x00, 0x00, 0x00, 0x00, 0x37, 0x00, 0x00, 0x00, 0x11,
  0x00, 0x00, 0x00, 0x0d, 0x00, 0x00, 0x00, 0x0f, 0x00, 0x00, 0x00, 0x11,
  0x00, 0x00, 0x00, 0x01, 0x00, 0x00, 0x00, 0x00, 0x00, 0x00, 0x00, 0x38,
  0x00, 0x00, 0x00, 0x13, 0x00, 0x00, 0x00, 0x0f, 0x00, 0x00, 0x00, 0x0f,
  0x00, 0x00, 0x00, 0x12, 0x00, 0x00, 0x00, 0x00, 0x00, 0x00, 0x00, 0x00,
  0x00, 0x00, 0x00, 0x39, 0x00, 0x00, 0x00, 0x12, 0x00, 0x00, 0x00, 0x0d,
  0x00, 0x00, 0x00, 0x0f, 0x00, 0x00, 0x00, 0x12, 0x00, 0x00, 0x00, 0x01,
  0x00, 0x00, 0x00, 0x00, 0x00, 0x00, 0x00, 0x3a, 0x00, 0x00, 0x00, 0x0f,
  0x00, 0x00, 0x00, 0x06, 0x00, 0x00, 0x00, 0x0f, 0x00, 0x00, 0x00, 0x0e,
  0x00, 0x00, 0x00, 0x04, 0x00, 0x00, 0x00, 0x00, 0x00, 0x00, 0x00, 0x3b,
  0x00, 0x00, 0x00, 0x13, 0x00, 0x00, 0x00, 0x06, 0x00, 0x00, 0x00, 0x0f,
  0x00, 0x00, 0x00, 0x0e, 0x00, 0x00, 0x00, 0x04, 0x00, 0x00, 0x00, 0x00,
  0x00, 0x00, 0x00, 0x3c, 0x00, 0x00, 0x00, 0x0f, 0x00, 0x00, 0x00, 0x0c,
  0x00, 0x00, 0x00, 0x0f, 0x00, 0x00, 0x00, 0x0f, 0x00, 0x00, 0x00, 0x01,
  0x00, 0x00, 0x00, 0x00, 0x00, 0x00, 0x00, 0x3d, 0x00, 0x00, 0x00, 0x0b,
  0x00, 0x00, 0x00, 0x0d, 0x00, 0x00, 0x00, 0x0f, 0x00, 0x00, 0x00, 0x0d,
  0x00, 0x00, 0x00, 0x01, 0x00, 0x00, 0x00, 0x00, 0x00, 0x00, 0x00, 0x3e,
  0x00, 0x00, 0x00, 0x0f, 0x00, 0x00, 0x00, 0x0c, 0x00, 0x00, 0x00, 0x0f,
  0x00, 0x00, 0x00, 0x0f, 0x00, 0x00, 0x00, 0x01, 0x00, 0x00, 0x00, 0x00,
  0x00, 0x00, 0x00, 0x3f, 0x00, 0x00, 0x00, 0x13, 0x00, 0x00, 0x00, 0x0c,
  0x00, 0x00, 0x00, 0x0f, 0x00, 0x00, 0x00, 0x12, 0x00, 0x00, 0x00, 0x01,
  0x00, 0x00, 0x00, 0x00, 0x00, 0x00, 0x00, 0x40, 0x00, 0x00, 0x00, 0x15,
  0x00, 0x00, 0x00, 0x0d, 0x00, 0x00, 0x00, 0x0f, 0x00, 0x00, 0x00, 0x12,
  0x00, 0x00, 0x00, 0x01, 0x00, 0x00, 0x00, 0x00, 0x00, 0x00, 0x00, 0x41,
  0x00, 0x00, 0x00, 0x11, 0x00, 0x00, 0x00, 0x0f, 0x00, 0x00, 0x00, 0x0f,
  0x00, 0x00, 0x00, 0x11, 0x00, 0x00, 0x00, 0x00, 0x00, 0x00, 0x00, 0x00,
  0x00, 0x00, 0x00, 0x42, 0x00, 0x00, 0x00, 0x11, 0x00, 0x00, 0x00, 0x0d,
  0x00, 0x00, 0x00, 0x0f, 0x00, 0x00, 0x00, 0x11, 0x00, 0x00, 0x00, 0x01,
  0x00, 0x00, 0x00, 0x00, 0x00, 0x00, 0x00, 0x43, 0x00, 0x00, 0x00, 0x13,
  0x00, 0x00, 0x00, 0x0d, 0x00, 0x00, 0x00, 0x0f, 0x00, 0x00, 0x00, 0x12,
  0x00, 0x00, 0x00, 0x01, 0x00, 0x00, 0x00, 0x00, 0x00, 0x00, 0x00, 0x44,
  0x00, 0x00, 0x00, 0x11, 0x00, 0x00, 0x00, 0x0e, 0x00, 0x00, 0x00, 0x0f,
  0x00, 0x00, 0x00, 0x11, 0x00, 0x00, 0x00, 0x01, 0x00, 0x00, 0x00, 0x00,
  0x00, 0x00, 0x00, 0x45, 0x00, 0x00, 0x00, 0x11, 0x00, 0x00, 0x00, 0x0b,
  0x00, 0x00, 0x00, 0x0f, 0x00, 0x00, 0x00, 0x11, 0x00, 0x00, 0x00, 0x02,
  0x00, 0x00, 0x00, 0x00, 0x00, 0x00, 0x00, 0x46, 0x00, 0x00, 0x00, 0x11,
  0x00, 0x00, 0x00, 0x0c, 0x00, 0x00, 0x00, 0x0f, 0x00, 0x00, 0x00, 0x11,
  0x00, 0x00, 0x00, 0x02, 0x00, 0x00, 0x00, 0x00, 0x00, 0x00, 0x00, 0x47,
  0x00, 0x00, 0x00, 0x13, 0x00, 0x00, 0x00, 0x0d, 0x00, 0x00, 0x00, 0x0f,
  0x00, 0x00, 0x00, 0x12, 0x00, 0x00, 0x00, 0x01, 0x00, 0x00, 0x00, 0x00,
  0x00, 0x00, 0x00, 0x48, 0x00, 0x00, 0x00, 0x11, 0x00, 0x00, 0x00, 0x0d,
  0x00, 0x00, 0x00, 0x0f, 0x00, 0x00, 0x00, 0x11, 0x00, 0x00, 0x00, 0x01,
  0x00, 0x00, 0x00, 0x00, 0x00, 0x00, 0x00, 0x49, 0x00, 0x00, 0x00, 0x11,
  0x00, 0x00, 0x00, 0x0b, 0x00, 0x00, 0x00, 0x0f, 0x00, 0x00, 0x00, 0x11,
  0x00, 0x00, 0x00, 0x02, 0x00, 0x00, 0x00, 0x00, 0x00, 0x00, 0x00, 0x4a,
  0x00, 0x00, 0x00, 0x12, 0x00, 0x00, 0x00, 0x0c, 0x00, 0x00, 0x00, 0x0f,
  0x00, 0x00, 0x00, 0x11, 0x00, 0x00, 0x00, 0x01, 0x00, 0x00, 0x00, 0x00,
  0x00, 0x00, 0x00, 0x4b, 0x00, 0x00, 0x00, 0x11, 0x00, 0x00, 0x00, 0x0e,
  0x00, 0x00, 0x00, 0x0f, 0x00, 0x00, 0x00, 0x11, 0x00, 0x00, 0x00, 0x01,
  0x00, 0x00, 0x00, 0x00, 0x00, 0x00, 0x00, 0x4c, 0x00, 0x00, 0x00, 0x11,
  0x00, 0x00, 0x00, 0x0c, 0x00, 0x00, 0x00, 0x0f, 0x00, 0x00, 0x00, 0x11,
  0x00, 0x00, 0x00, 0x02, 0x00, 0x00, 0x00, 0x00, 0x00, 0x00, 0x00, 0x4d,
  0x00, 0x00, 0x00, 0x11, 0x00, 0x00, 0x00, 0x0d, 0x00, 0x00, 0x00, 0x0f,
  0x00, 0x00, 0x00, 0x11, 0x00, 0x00, 0x00, 0x01, 0x00, 0x00, 0x00, 0x00,
  0x00, 0x00, 0x00, 0x4e, 0x00, 0x00, 0x00, 0x11, 0x00, 0x00, 0x00, 0x0d,
  0x00, 0x00, 0x00, 0x0f, 0x00, 0x00, 0x00, 0x11, 0x00, 0x00, 0x00, 0x01,
  0x00, 0x00, 0x00, 0x00, 0x00, 0x00, 0x00, 0x4f, 0x00, 0x00, 0x00, 0x13,
  0x00, 0x00, 0x00, 0x0e, 0x00, 0x00, 0x00, 0x0f, 0x00, 0x00, 0x00, 0x12,
  0x00, 0x00, 0x00, 0x00, 0x00, 0x00, 0x00, 0x00, 0x00, 0x00, 0x00, 0x50,
  0x00, 0x00, 0x00, 0x11, 0x00, 0x00, 0x00, 0x0d, 0x00, 0x00, 0x00, 0x0f,
  0x00, 0x00, 0x00, 0x11, 0x00, 0x00, 0x00, 0x01, 0x00, 0x00, 0x00, 0x00,
  0x00, 0x00, 0x00, 0x51, 0x00, 0x00, 0x00, 0x14, 0x00, 0x00, 0x00, 0x0e,
  0x00, 0x00, 0x00, 0x0f, 0x00, 0x00, 0x00, 0x12, 0x00, 0x00, 0x00, 0x00,
  0x00, 0x00, 0x00, 0x00, 0x00, 0x00, 0x00, 0x52, 0x00, 0x00, 0x00, 0x11,
  0x00, 0x00, 0x00, 0x0e, 0x00, 0x00, 0x00, 0x0f, 0x00, 0x00, 0x00, 0x11,
  0x00, 0x00, 0x00, 0x01, 0x00, 0x00, 0x00, 0x00, 0x00, 0x00, 0x00, 0x53,
  0x00, 0x00, 0x00, 0x13, 0x00, 0x00, 0x00, 0x0d, 0x00, 0x00, 0x00, 0x0f,
  0x00, 0x00, 0x00, 0x12, 0x00, 0x00, 0x00, 0x01, 0x00, 0x00, 0x00, 0x00,
  0x00, 0x00, 0x00, 0x54, 0x00, 0x00, 0x00, 0x11, 0x00, 0x00, 0x00, 0x0e,
  0x00, 0x00, 0x00, 0x0f, 0x00, 0x00, 0x00, 0x11, 0x00, 0x00, 0x00, 0x00,
  0x00, 0x00, 0x00, 0x00, 0x00, 0x00, 0x00, 0x55, 0x00, 0x00, 0x00, 0x12,
  0x00, 0x00, 0x00, 0x0d, 0x00, 0x00, 0x00, 0x0f, 0x00, 0x00, 0x00, 0x11,
  0x00, 0x00, 0x00, 0x01, 0x00, 0x00, 0x00, 0x00, 0x00, 0x00, 0x00, 0x56,
  0x00, 0x00, 0x00, 0x11, 0x00, 0x00, 0x00, 0x0f, 0x00, 0x00, 0x00, 0x0f,
  0x00, 0x00, 0x00, 0x11, 0x00, 0x00, 0x00, 0x00, 0x00, 0x00, 0x00, 0x00,
  0x00, 0x00, 0x00, 0x57, 0x00, 0x00, 0x00, 0x11, 0x00, 0x00, 0x00, 0x0f,
  0x00, 0x00, 0x00, 0x0f, 0x00, 0x00, 0x00, 0x11, 0x00, 0x00, 0x00, 0x00,
  0x00, 0x00, 0x00, 0x00, 0x00, 0x00, 0x00, 0x58, 0x00, 0x00, 0x00, 0x11,
  0x00, 0x00, 0x00, 0x0f, 0x00, 0x00, 0x00, 0x0f, 0x00, 0x00, 0x00, 0x11,
  0x00, 0x00, 0x00, 0x00, 0x00, 0x00, 0x00, 0x00, 0x00, 0x00, 0x00, 0x59,
  0x00, 0x00, 0x00, 0x11, 0x00, 0x00, 0x00, 0x0f, 0x00, 0x00, 0x00, 0x0f,
  0x00, 0x00, 0x00, 0x11, 0x00, 0x00, 0x00, 0x00, 0x00, 0x00, 0x00, 0x00,
  0x00, 0x00, 0x00, 0x5a, 0x00, 0x00, 0x00, 0x11, 0x00, 0x00, 0x00, 0x0d,
  0x00, 0x00, 0x00, 0x0f, 0x00, 0x00, 0x00, 0x11, 0x00, 0x00, 0x00, 0x01,
  0x00, 0x00, 0x00, 0x00, 0x00, 0x00, 0x00, 0x5b, 0x00, 0x00, 0x00, 0x17,
  0x00, 0x00, 0x00, 0x09, 0x00, 0x00, 0x00, 0x0f, 0x00, 0x00, 0x00, 0x14,
  0x00, 0x00, 0x00, 0x03, 0x00, 0x00, 0x00, 0x00, 0x00, 0x00, 0x00, 0x5c,
  0x00, 0x00, 0x00, 0x17, 0x00, 0x00, 0x00, 0x0c, 0x00, 0x00, 0x00, 0x0f,
  0x00, 0x00, 0x00, 0x14, 0x00, 0x00, 0x00, 0x01, 0x00, 0x00, 0x00, 0x00,
  0x00, 0x00, 0x00, 0x5d, 0x00, 0x00, 0x00, 0x17, 0x00, 0x00, 0x00, 0x09,
  0x00, 0x00, 0x00, 0x0f, 0x00, 0x00, 0x00, 0x14, 0x00, 0x00, 0x00, 0x03,
  0x00, 0x00, 0x00, 0x00, 0x00, 0x00, 0x00, 0x5e, 0x00, 0x00, 0x00, 0x0a,
  0x00, 0x00, 0x00, 0x0d, 0x00, 0x00, 0x00, 0x0f, 0x00, 0x00, 0x00, 0x11,
  0x00, 0x00, 0x00, 0x01, 0x00, 0x00, 0x00, 0x00, 0x00, 0x00, 0x00, 0x5f,
  0x00, 0x00, 0x00, 0x04, 0x00, 0x00, 0x00, 0x0d, 0x00, 0x00, 0x00, 0x0f,
  0xff, 0xff, 0xff, 0xff, 0x00, 0x00, 0x00, 0x01, 0x00, 0x00, 0x00, 0x00,
  0x00, 0x00, 0x00, 0x60, 0x00, 0x00, 0x00, 0x05, 0x00, 0x00, 0x00, 0x07,
  0x00, 0x00, 0x00, 0x0f, 0x00, 0x00, 0x00, 0x14, 0x00, 0x00, 0x00, 0x04,
  0x00, 0x00, 0x00, 0x00, 0x00, 0x00, 0x00, 0x61, 0x00, 0x00, 0x00, 0x0f,
  0x00, 0x00, 0x00, 0x0c, 0x00, 0x00, 0x00, 0x0f, 0x00, 0x00, 0x00, 0x0e,
  0x00, 0x00, 0x00, 0x01, 0x00, 0x00, 0x00, 0x00, 0x00, 0x00, 0x00, 0x62,
  0x00, 0x00, 0x00, 0x13, 0x00, 0x00, 0x00, 0x0d, 0x00, 0x00, 0x00, 0x0f,
  0x00, 0x00, 0x00, 0x12, 0x00, 0x00, 0x00, 0x01, 0x00, 0x00, 0x00, 0x00,
  0x00, 0x00, 0x00, 0x63, 0x00, 0x00, 0x00, 0x0f, 0x00, 0x00, 0x00, 0x0d,
  0x00, 0x00, 0x00, 0x0f, 0x00, 0x00, 0x00, 0x0e, 0x00, 0x00, 0x00, 0x01,
  0x00, 0x00, 0x00, 0x00, 0x00, 0x00, 0x00, 0x64, 0x00, 0x00, 0x00, 0x13,
  0x00, 0x00, 0x00, 0x0d, 0x00, 0x00, 0x00, 0x0f, 0x00, 0x00, 0x00, 0x12,
  0x00, 0x00, 0x00, 0x01, 0x00, 0x00, 0x00, 0x00, 0x00, 0x00, 0x00, 0x65,
  0x00, 0x00, 0x00, 0x0f, 0x00, 0x00, 0x00, 0x0d, 0x00, 0x00, 0x00, 0x0f,
  0x00, 0x00, 0x00, 0x0e, 0x00, 0x00, 0x00, 0x01, 0x00, 0x00, 0x00, 0x00,
  0x00, 0x00, 0x00, 0x66, 0x00, 0x00, 0x00, 0x12, 0x00, 0x00, 0x00, 0x0d,
  0x00, 0x00, 0x00, 0x0f, 0x00, 0x00, 0x00, 0x12, 0x00, 0x00, 0x00, 0x01,
  0x00, 0x00, 0x00, 0x00, 0x00, 0x00, 0x00, 0x67, 0x00, 0x00, 0x00, 0x13,
  0x00, 0x00, 0x00, 0x0d, 0x00, 0x00, 0x00, 0x0f, 0x00, 0x00, 0x00, 0x0e,
  0x00, 0x00, 0x00, 0x01, 0x00, 0x00, 0x00, 0x00, 0x00, 0x00, 0x00, 0x68,
  0x00, 0x00, 0x00, 0x12, 0x00, 0x00, 0x00, 0x0d, 0x00, 0x00, 0x00, 0x0f,
  0x00, 0x00, 0x00, 0x12, 0x00, 0x00, 0x00, 0x01, 0x00, 0x00, 0x00, 0x00,
  0x00, 0x00, 0x00, 0x69, 0x00, 0x00, 0x00, 0x14, 0x00, 0x00, 0x00, 0x0d,
  0x00, 0x00, 0x00, 0x0f, 0x00, 0x00, 0x00, 0x14, 0x00, 0x00, 0x00, 0x01,
  0x00, 0x00, 0x00, 0x00, 0x00, 0x00, 0x00, 0x6a, 0x00, 0x00, 0x00, 0x19,
  0x00, 0x00, 0x00, 0x0a, 0x00, 0x00, 0x00, 0x0f, 0x00, 0x00, 0x00, 0x14,
  0x00, 0x00, 0x00, 0x02, 0x00, 0x00, 0x00, 0x00, 0x00, 0x00, 0x00, 0x6b,
  0x00, 0x00, 0x00, 0x12, 0x00, 0x00, 0x00, 0x0d, 0x00, 0x00, 0x00, 0x0f,
  0x00, 0x00, 0x00, 0x12, 0x00, 0x00, 0x00, 0x02, 0x00, 0x00, 0x00, 0x00,
  0x00, 0x00, 0x00, 0x6c, 0x00, 0x00, 0x00, 0x12, 0x00, 0x00, 0x00, 0x0d,
  0x00, 0x00, 0x00, 0x0f, 0x00, 0x00, 0x00, 0x12, 0x00, 0x00, 0x00, 0x01,
  0x00, 0x00, 0x00, 0x00, 0x00, 0x00, 0x00, 0x6d, 0x00, 0x00, 0x00, 0x0e,
  0x00, 0x00, 0x00, 0x0e, 0x00, 0x00, 0x00, 0x0f, 0x00, 0x00, 0x00, 0x0e,
  0x00, 0x00, 0x00, 0x00, 0x00, 0x00, 0x00, 0x00, 0x00, 0x00, 0x00, 0x6e,
  0x00, 0x00, 0x00, 0x0e, 0x00, 0x00, 0x00, 0x0d, 0x00, 0x00, 0x00, 0x0f,
  0x00, 0x00, 0x00, 0x0e, 0x00, 0x00, 0x00, 0x01, 0x00, 0x00, 0x00, 0x00,
  0x00, 0x00, 0x00, 0x6f, 0x00, 0x00, 0x00, 0x0f, 0x00, 0x00, 0x00, 0x0d,
  0x00, 0x00, 0x00, 0x0f, 0x00, 0x00, 0x00, 0x0e, 0x00, 0x00, 0x00, 0x01,
  0x00, 0x00, 0x00, 0x00, 0x00, 0x00, 0x00, 0x70, 0x00, 0x00, 0x00, 0x13,
  0x00, 0x00, 0x00, 0x0d, 0x00, 0x00, 0x00, 0x0f, 0x00, 0x00, 0x00, 0x0e,
  0x00, 0x00, 0x00, 0x01, 0x00, 0x00, 0x00, 0x00, 0x00, 0x00, 0x00, 0x71,
  0x00, 0x00, 0x00, 0x13, 0x00, 0x00, 0x00, 0x0d, 0x00, 0x00, 0x00, 0x0f,
  0x00, 0x00, 0x00, 0x0e, 0x00, 0x00, 0x00, 0x01, 0x00, 0x00, 0x00, 0x00,
  0x00, 0x00, 0x00, 0x72, 0x00, 0x00, 0x00, 0x0e, 0x00, 0x00, 0x00, 0x0d,
  0x00, 0x00, 0x00, 0x0f, 0x00, 0x00, 0x00, 0x0e, 0x00, 0x00, 0x00, 0x01,
  0x00, 0x00, 0x00, 0x00, 0x00, 0x00, 0x00, 0x73, 0x00, 0x00, 0x00, 0x0f,
  0x00, 0x00, 0x00, 0x0c, 0x00, 0x00, 0x00, 0x0f, 0x00, 0x00, 0x00, 0x0e,
  0x00, 0x00, 0x00, 0x01, 0x00, 0x00, 0x00, 0x00, 0x00, 0x00, 0x00, 0x74,
  0x00, 0x00, 0x00, 0x12, 0x00, 0x00, 0x00, 0x0c, 0x00, 0x00, 0x00, 0x0f,
  0x00, 0x00, 0x00, 0x11, 0x00, 0x00, 0x00, 0x01, 0x00, 0x00, 0x00, 0x00,
  0x00, 0x00, 0x00, 0x75, 0x00, 0x00, 0x00, 0x0e, 0x00, 0x00, 0x00, 0x0d,
  0x00, 0x00, 0x00, 0x0f, 0x00, 0x00, 0x00, 0x0d, 0x00, 0x00, 0x00, 0x01,
  0x00, 0x00, 0x00, 0x00, 0x00, 0x00, 0x00, 0x76, 0x00, 0x00, 0x00, 0x0d,
  0x00, 0x00, 0x00, 0x0d, 0x00, 0x00, 0x00, 0x0f, 0x00, 0x00, 0x00, 0x0d,
  0x00, 0x00, 0x00, 0x01, 0x00, 0x00, 0x00, 0x00, 0x00, 0x00, 0x00, 0x77,
  0x00, 0x00, 0x00, 0x0d, 0x00, 0x00, 0x00, 0x0f, 0x00, 0x00, 0x00, 0x0f,
  0x00, 0x00, 0x00, 0x0d, 0x00, 0x00, 0x00, 0x00, 0x00, 0x00, 0x00, 0x00,
  0x00, 0x00, 0x00, 0x78, 0x00, 0x00, 0x00, 0x0d, 0x00, 0x00, 0x00, 0x0d,
  0x00, 0x00, 0x00, 0x0f, 0x00, 0x00, 0x00, 0x0d, 0x00, 0x00, 0x00, 0x01,
  0x00, 0x00, 0x00, 0x00, 0x00, 0x00, 0x00, 0x79, 0x00, 0x00, 0x00, 0x12,
  0x00, 0x00, 0x00, 0x0d, 0x00, 0x00, 0x00, 0x0f, 0x00, 0x00, 0x00, 0x0d,
  0x00, 0x00, 0x00, 0x01, 0x00, 0x00, 0x00, 0x00, 0x00, 0x00, 0x00, 0x7a,
  0x00, 0x00, 0x00, 0x0d, 0x00, 0x00, 0x00, 0x0b, 0x00, 0x00, 0x00, 0x0f,
  0x00, 0x00, 0x00, 0x0d, 0x00, 0x00, 0x00, 0x02, 0x00, 0x00, 0x00, 0x00,
  0x00, 0x00, 0x00, 0x7b, 0x00, 0x00, 0x00, 0x17, 0x00, 0x00, 0x00, 0x0b,
  0x00, 0x00, 0x00, 0x0f, 0x00, 0x00, 0x00, 0x14, 0x00, 0x00, 0x00, 0x02,
  0x00, 0x00, 0x00, 0x00, 0x00, 0x00, 0x00, 0x7c, 0x00, 0x00, 0x00, 0x1a,
  0x00, 0x00, 0x00, 0x04, 0x00, 0x00, 0x00, 0x0f, 0x00, 0x00, 0x00, 0x14,
  0x00, 0x00, 0x00, 0x05, 0x00, 0x00, 0x00, 0x00, 0x00, 0x00, 0x00, 0x7d,
  0x00, 0x00, 0x00, 0x17, 0x00, 0x00, 0x00, 0x0b, 0x00, 0x00, 0x00, 0x0f,
  0x00, 0x00, 0x00, 0x14, 0x00, 0x00, 0x00, 0x02, 0x00, 0x00, 0x00, 0x00,
  0x00, 0x00, 0x00, 0x7e, 0x00, 0x00, 0x00, 0x07, 0x00, 0x00, 0x00, 0x0d,
  0x00, 0x00, 0x00, 0x0f, 0x00, 0x00, 0x00, 0x0c, 0x00, 0x00, 0x00, 0x01,
  0x00, 0x00, 0x00, 0x00, 0x00, 0x00, 0x00, 0xa3, 0x00, 0x00, 0x00, 0x12,
  0x00, 0x00, 0x00, 0x0e, 0x00, 0x00, 0x00, 0x0f, 0x00, 0x00, 0x00, 0x12,
  0x00, 0x00, 0x00, 0x00, 0x00, 0x00, 0x00, 0x00, 0x00, 0x00, 0x00, 0xb0,
  0x00, 0x00, 0x00, 0x09, 0x00, 0x00, 0x00, 0x09, 0x00, 0x00, 0x00, 0x0f,
  0x00, 0x00, 0x00, 0x12, 0x00, 0x00, 0x00, 0x03, 0x00, 0x00, 0x00, 0x00,
  0x00, 0x00, 0x00, 0xb5, 0x00, 0x00, 0x00, 0x12, 0x00, 0x00, 0x00, 0x0e,
  0x00, 0x00, 0x00, 0x0f, 0x00, 0x00, 0x00, 0x0d, 0x00, 0x00, 0x00, 0x01,
  0x00, 0x00, 0x00, 0x00, 0x00, 0x00, 0x03, 0xa9, 0x00, 0x00, 0x00, 0x12,
  0x00, 0x00, 0x00, 0x0f, 0x00, 0x00, 0x00, 0x0f, 0x00, 0x00, 0x00, 0x12,
  0x00, 0x00, 0x00, 0x00, 0x00, 0x00, 0x00, 0x00, 0x00, 0x00, 0x20, 0xac,
  0x00, 0x00, 0x00, 0x13, 0x00, 0x00, 0x00, 0x0e, 0x00, 0x00, 0x00, 0x0f,
  0x00, 0x00, 0x00, 0x12, 0x00, 0x00, 0x00, 0x01, 0x00, 0x00, 0x00, 0x00,
  0x63, 0xe7, 0xe7, 0xe7, 0x3e, 0x67, 0xff, 0xff, 0xff, 0x3d, 0x60, 0xff,
  0xff, 0xff, 0x36, 0x5a, 0xff, 0xff, 0xff, 0x2e, 0x53, 0xff, 0xff, 0xff,
  0x27, 0x4d, 0xff, 0xff, 0xff, 0x20, 0x46, 0xff, 0xff, 0xff, 0x19, 0x3f,
  0xff, 0xff, 0xff, 0x12, 0x39, 0xff, 0xff, 0xff, 0x0a, 0x32, 0xff, 0xff,
  0xff, 0x03, 0x2c, 0xff, 0xff, 0xfc, 0x00, 0x1c, 0xbf, 0xbf, 0xb8, 0x00,
  0x00, 0x00, 0x00, 0x00, 0x00, 0x04, 0x73, 0xa6, 0x5b, 0x00, 0x76, 0xff,
  0xff, 0xff, 0x46, 0xa5, 0xff, 0xff, 0xff, 0x75, 0x48, 0xfb, 0xff, 0xf0,
  0x23, 0x00, 0x25, 0x53, 0x17, 0x00, 0xdd, 0xe7, 0xe7, 0x32, 0x00, 0x5a,
  0xe7, 0xe7, 0xb1, 0xf3, 0xff, 0xff, 0x37, 0x00, 0x63, 0xff, 0xff, 0xc3,
  0xf3, 0xff, 0xff, 0x37, 0x00, 0x63, 0xff, 0xff, 0xc3, 0xf3, 0xff, 0xff,
  0x37, 0x00, 0x63, 0xff, 0xff, 0xc3, 0xf3, 0xff, 0xff, 0x37, 0x00, 0x63,
  0xff, 0xff, 0xc3, 0xf3, 0xff, 0xff, 0x37, 0x00, 0x63, 0xff, 0xff, 0xc3,
  0xf3, 0xff, 0xff, 0x37, 0x00, 0x63, 0xff, 0xff, 0xc3, 0xf3, 0xff, 0xff,
  0x37, 0x00, 0x63, 0xff, 0xff, 0xc3, 0x29, 0x2b, 0x2b, 0x09, 0x00, 0x11,
  0x2b, 0x2b, 0x21, 0x00, 0x00, 0x00, 0x00, 0x01, 0xdf, 0xeb, 0x90, 0x00,
  0x00, 0xb4, 0xeb, 0xc1, 0x00, 0x00, 0x00, 0x00, 0x00, 0x00, 0x24, 0xff,
  0xff, 0x6c, 0x00, 0x01, 0xf2, 0xff, 0xa2, 0x00, 0x00, 0x00, 0x00, 0x00,
  0x00, 0x56, 0xff, 0xff, 0x3a, 0x00, 0x26, 0xff, 0xff, 0x71, 0x00, 0x00,
  0x00, 0x00, 0x00, 0x00, 0x89, 0xff, 0xfd, 0x0b, 0x00, 0x59, 0xff, 0xff,
  0x40, 0x00, 0x00, 0x00, 0x12, 0xa7, 0xa7, 0xe2, 0xff, 0xf7, 0xa7, 0xa7,
  0xd2, 0xff, 0xff, 0xb2, 0xa7, 0x44, 0x00, 0x43, 0xff, 0xff, 0xff, 0xff,
  0xff, 0xff, 0xff, 0xff, 0xff, 0xff, 0xff, 0xff, 0x41, 0x00, 0x73, 0xff,
  0xff, 0xff, 0xff, 0xd3, 0xc7, 0xc7, 0xf5, 0xff, 0xff, 0xff, 0xff, 0x13,
  0x00, 0x02, 0x03, 0x50, 0xff, 0xff, 0x17, 0x00, 0x01, 0xf0, 0xff, 0x7b,
  0x03, 0x03, 0x00, 0x00, 0x00, 0x00, 0x81, 0xff, 0xe4, 0x00, 0x00, 0x24,
  0xff, 0xff, 0x43, 0x00, 0x00, 0x00, 0x04, 0x23, 0x23, 0xbc, 0xff, 0xb1,
  0x00, 0x00, 0x58, 0xff, 0xff, 0x34, 0x23, 0x0c, 0x00, 0x3e, 0xff, 0xff,
  0xff, 0xff, 0xf4, 0xe3, 0xe3, 0xf0, 0xff, 0xff, 0xff, 0xff, 0x3e, 0x00,
  0x6e, 0xff, 0xff, 0xff, 0xff, 0xff, 0xff, 0xff, 0xff, 0xff, 0xff, 0xff,
  0xff, 0x13, 0x00, 0x52, 0x8f, 0xb4, 0xff, 0xff, 0xac, 0x8f, 0x9d, 0xff,
  0xff, 0xc2, 0x8f, 0x86, 0x00, 0x00, 0x00, 0x00, 0x78, 0xff, 0xff, 0x1b,
  0x00, 0x43, 0xff, 0xff, 0x4f, 0x00, 0x00, 0x00, 0x00, 0x00, 0x00, 0xab,
  0xff, 0xe9, 0x00, 0x00, 0x76, 0xff, 0xff, 0x1b, 0x00, 0x00, 0x00, 0x00,
  0x00, 0x00, 0xdf, 0xff, 0xb6, 0x00, 0x00, 0xa8, 0xff, 0xe8, 0x00, 0x00,
  0x00, 0x00, 0x00, 0x00, 0x12, 0xff, 0xff, 0x84, 0x00, 0x00, 0xda, 0xff,
  0xb5, 0x00, 0x00, 0x00, 0x00, 0x00, 0x00, 0x00, 0x00, 0x00, 0x00, 0x1f,
  0x8f, 0x2c, 0x00, 0x00, 0x00, 0x00, 0x00, 0x00, 0x00, 0x00, 0x00, 0x07,
  0x61, 0xff, 0x72, 0x06, 0x00, 0x00, 0x00, 0x00, 0x00, 0x00, 0x27, 0xb6,
  0xf9, 0xff, 0xff, 0xff, 0xf7, 0xaf, 0x20, 0x00, 0x00, 0x00, 0x47, 0xf8,
  0xff, 0xff, 0xff, 0xff, 0xff, 0xff, 0xff, 0xf5, 0x3c, 0x00, 0x10, 0xe6,
  0xff, 0xff, 0xa0, 0x72, 0xff, 0x8d, 0xbd, 0xff, 0xff, 0xe1, 0x0d, 0x52,
  0xff, 0xff, 0x98, 0x00, 0x37, 0xff, 0x4f, 0x00, 0x93, 0xff, 0xff, 0x4f,
  0x80, 0xff, 0xff, 0x53, 0x00, 0x37, 0xff, 0x4f, 0x00, 0x21, 0x9b, 0x9b,
  0x4e, 0x72, 0xff, 0xff, 0x97, 0x00, 0x37, 0xff, 0x4f, 0x00, 0x00, 0x00,
  0x00, 0x00, 0x38, 0xff, 0xff, 0xff, 0xb2, 0x78, 0xff, 0x4f, 0x00, 0x00,
  0x00, 0x00, 0x00, 0x00, 0xa2, 0xff, 0xff, 0xff, 0xff, 0xff, 0xd3, 0x83,
  0x31, 0x00, 0x00, 0x00, 0x00, 0x03, 0x7f, 0xf7, 0xff, 0xff, 0xff, 0xff,
  0xff, 0xff, 0xc5, 0x26, 0x00, 0x00, 0x00, 0x00, 0x0d, 0x5a, 0xb0, 0xff,
  0xff, 0xff, 0xff, 0xff, 0xee, 0x18, 0x00, 0x00, 0x00, 0x00, 0x00, 0x37,
  0xff, 0x6f, 0x7c, 0xf2, 0xff, 0xff, 0x93, 0x00, 0x00, 0x00, 0x00, 0x00,
  0x37, 0xff, 0x4f, 0x00, 0x41, 0xff, 0xff, 0xc5, 0x88, 0x97, 0x86, 0x00,
  0x00, 0x37, 0xff, 0x4f, 0x00, 0x04, 0xfd, 0xff, 0xcc, 0xb4, 0xff, 0xff,
  0x40, 0x00, 0x37, 0xff, 0x4f, 0x00, 0x4b, 0xff, 0xff, 0x9c, 0x5c, 0xff,
  0xff, 0xf3, 0x7b, 0x5e, 0xff, 0x6f, 0x74, 0xf1, 0xff, 0xfe, 0x44, 0x00,
  0xa0, 0xff, 0xff, 0xff, 0xff, 0xff, 0xff, 0xff, 0xff, 0xff, 0x8e, 0x00,
  0x00, 0x01, 0x60, 0xe4, 0xff, 0xff, 0xff, 0xff, 0xff, 0xde, 0x55, 0x00,
  0x00, 0x00, 0x00, 0x00, 0x00, 0x23, 0x76, 0xff, 0x84, 0x1d, 0x00, 0x00,
  0x00, 0x00, 0x00, 0x00, 0x00, 0x00, 0x00, 0x24, 0xa7, 0x34, 0x00, 0x00,
  0x00, 0x00, 0x00, 0x00, 0x00, 0x0f, 0x36, 0x14, 0x00, 0x00, 0x00, 0x00,
  0x00, 0x00, 0x00, 0x00, 0x00, 0x00, 0x00, 0x83, 0xfd, 0xff, 0xff, 0x96,
  0x04, 0x00, 0x00, 0x00, 0x00, 0x00, 0x00, 0x00, 0x66, 0x52, 0xff, 0xfb,
  0xc6, 0xf6, 0xff, 0x6a, 0x00, 0x00, 0x00, 0x00, 0x00, 0x00, 0x8e, 0xd3,
  0xb0, 0xff, 0x7c, 0x00, 0x63, 0xff, 0xc7, 0x00, 0x00, 0x00, 0x00, 0x00,
  0x8a, 0xfa, 0x4f, 0xd4, 0xff, 0x3a, 0x00, 0x22, 0xff, 0xeb, 0x00, 0x00,
  0x00, 0x00, 0x86, 0xfb, 0x52, 0x00, 0xd2, 0xff, 0x3a, 0x00, 0x22, 0xff,
  0xe9, 0x00, 0x00, 0x00, 0x82, 0xfc, 0x55, 0x00, 0x00, 0xaf, 0xff, 0x7c,
  0x00, 0x62, 0xff, 0xc5, 0x00, 0x00, 0x7e, 0xfc, 0x58, 0x00, 0x00, 0x00,
  0x51, 0xff, 0xfb, 0xc5, 0xf6, 0xff, 0x68, 0x00, 0x7a, 0xfd, 0x5b, 0x00,
  0x00, 0x00, 0x00, 0x00, 0x86, 0xfe, 0xff, 0xff, 0x9b, 0x04, 0x76, 0xfd,
  0x5e, 0x00, 0x00, 0x00, 0x00, 0x00, 0x00, 0x00, 0x13, 0x3b, 0x18, 0x00,
  0x72, 0xfd, 0x61, 0x00, 0x06, 0x18, 0x00, 0x00, 0x00, 0x00, 0x00, 0x00,
  0x00, 0x00, 0x6f, 0xfe, 0x65, 0x09, 0x9a, 0xf9, 0xff, 0xe1, 0x45, 0x00,
  0x00, 0x00, 0x00, 0x00, 0x6b, 0xfe, 0x68, 0x00, 0x88, 0xff, 0xf9, 0xe6,
  0xff, 0xf6, 0x1b, 0x00, 0x00, 0x00, 0x67, 0xfe, 0x6c, 0x00, 0x00, 0xef,
  0xff, 0x42, 0x01, 0xb6, 0xff, 0x7a, 0x00, 0x00, 0x64, 0xfe, 0x6f, 0x00,
  0x00, 0x15, 0xff, 0xf3, 0x03, 0x00, 0x6b, 0xff, 0xa1, 0x00, 0x60, 0xfd,
  0x73, 0x00, 0x00, 0x00, 0x18, 0xff, 0xed, 0x00, 0x00, 0x62, 0xff, 0xa4,
  0x5d, 0xfd, 0x76, 0x00, 0x00, 0x00, 0x00, 0x01, 0xf6, 0xff, 0x28, 0x00,
  0x9e, 0xff, 0x81, 0xfc, 0x7a, 0x00, 0x00, 0x00, 0x00, 0x00, 0x00, 0xa6,
  0xff, 0xdd, 0xae, 0xfd, 0xfe, 0x32, 0x7d, 0x00, 0x00, 0x00, 0x00, 0x00,
  0x00, 0x00, 0x1c, 0xd1, 0xff, 0xff, 0xfd, 0x7a, 0x00, 0x00, 0x00, 0x00,
  0x00, 0x00, 0x00, 0x00, 0x00, 0x00, 0x07, 0x3d, 0x55, 0x22, 0x00, 0x00,
  0x00, 0x00, 0x00, 0x00, 0x02, 0x22, 0x30, 0x08, 0x00, 0x00, 0x00, 0x00,
  0x00, 0x00, 0x00, 0x00, 0x00, 0x00, 0x61, 0xe9, 0xff, 0xff, 0xfb, 0x8c,
  0x08, 0x00, 0x00, 0x00, 0x00, 0x00, 0x00, 0x00, 0x57, 0xff, 0xff, 0xff,
  0xff, 0xff, 0xff, 0x93, 0x00, 0x00, 0x00, 0x00, 0x00, 0x00, 0x00, 0xd3,
  0xff, 0xf4, 0x64, 0x50, 0xdc, 0xff, 0xfe, 0x0d, 0x00, 0x00, 0x00, 0x00,
  0x00, 0x02, 0xfb, 0xff, 0xa1, 0x00, 0x00, 0x6d, 0xff, 0xff, 0x37, 0x00,
  0x00, 0x00, 0x00, 0x00, 0x00, 0xd7, 0xff, 0xbf, 0x00, 0x00, 0x90, 0xff,
  0xff, 0x1f, 0x00, 0x00, 0x00, 0x00, 0x00, 0x00, 0x92, 0xff, 0xff, 0x51,
  0x37, 0xf3, 0xff, 0xbc, 0x00, 0x00, 0x00, 0x00, 0x00, 0x00, 0x00, 0x19,
  0xee, 0xff, 0xf2, 0xf8, 0xff, 0xe4, 0x1d, 0x00, 0x00, 0x00, 0x00, 0x00,
  0x00, 0x00, 0x00, 0x64, 0xff, 0xff, 0xff, 0xc5, 0x1b, 0x00, 0x00, 0x00,
  0x00, 0x00, 0x00, 0x00, 0x00, 0x5d, 0xf4, 0xff, 0xff, 0xff, 0xc6, 0x08,
  0x00, 0x41, 0xab, 0xab, 0x17, 0x00, 0x00, 0x6a, 0xff, 0xff, 0xf0, 0xda,
  0xff, 0xff, 0xa8, 0x01, 0x72, 0xff, 0xff, 0x0d, 0x00, 0x1c, 0xfa, 0xff,
  0xe9, 0x2f, 0x1e, 0xe7, 0xff, 0xff, 0x85, 0x9c, 0xff, 0xe8, 0x00, 0x00,
  0x76, 0xff, 0xff, 0x79, 0x00, 0x00, 0x37, 0xf7, 0xff, 0xff, 0xf7, 0xff,
  0xb9, 0x00, 0x00, 0x96, 0xff, 0xff, 0x4a, 0x00, 0x00, 0x00, 0x58, 0xff,
  0xff, 0xff, 0xff, 0x4c, 0x00, 0x00, 0x73, 0xff, 0xff, 0x91, 0x00, 0x00,
  0x00, 0x00, 0x9a, 0xff, 0xff, 0xee, 0x04, 0x00, 0x00, 0x32, 0xfe, 0xff,
  0xfd, 0x92, 0x44, 0x50, 0x92, 0xfc, 0xff, 0xff, 0xff, 0x8b, 0x00, 0x00,
  0x00, 0x8a, 0xff, 0xff, 0xff, 0xff, 0xff, 0xff, 0xff, 0xec, 0xea, 0xff,
  0xff, 0x61, 0x00, 0x00, 0x02, 0x68, 0xed, 0xff, 0xff, 0xff, 0xf7, 0x98,
  0x12, 0x36, 0xf6, 0xff, 0xf9, 0x3b, 0x00, 0x00, 0x00, 0x04, 0x28, 0x49,
  0x28, 0x03, 0x00, 0x00, 0x00, 0x00, 0x00, 0x00, 0x00, 0x27, 0xe7, 0xe7,
  0xe7, 0x2b, 0xff, 0xff, 0xff, 0x2b, 0xff, 0xff, 0xff, 0x2b, 0xff, 0xff,
  0xff, 0x2b, 0xff, 0xff, 0xff, 0x2b, 0xff, 0xff, 0xff, 0x2b, 0xff, 0xff,
  0xff, 0x2b, 0xff, 0xff, 0xff, 0x08, 0x33, 0x33, 0x33, 0x00, 0x00, 0x00,
  0x16, 0x5b, 0x5b, 0x5b, 0x07, 0x00, 0x00, 0x01, 0xba, 0xff, 0xff, 0xae,
  0x00, 0x00, 0x00, 0x76, 0xff, 0xff, 0xf7, 0x21, 0x00, 0x00, 0x12, 0xf5,
  0xff, 0xff, 0x89, 0x00, 0x00, 0x00, 0x7d, 0xff, 0xff, 0xfc, 0x1f, 0x00,
  0x00, 0x02, 0xe9, 0xff, 0xff, 0xb0, 0x00, 0x00, 0x00, 0x33, 0xff, 0xff,
  0xff, 0x5b, 0x00, 0x00, 0x00, 0x73, 0xff, 0xff, 0xff, 0x1e, 0x00, 0x00,
  0x00, 0xab, 0xff, 0xff, 0xe4, 0x00, 0x00, 0x00, 0x00, 0xc2, 0xff, 0xff,
  0xc7, 0x00, 0x00, 0x00, 0x00, 0xd6, 0xff, 0xff, 0xb5, 0x00, 0x00, 0x00,
  0x00, 0xe7, 0xff, 0xff, 0xa8, 0x00, 0x00, 0x00, 0x00, 0xd9, 0xff, 0xff,
  0xb3, 0x00, 0x00, 0x00, 0x00, 0xc5, 0xff, 0xff, 0xc5, 0x00, 0x00, 0x00,
  0x00, 0xaf, 0xff, 0xff, 0xdf, 0x00, 0x00, 0x00, 0x00, 0x7a, 0xff, 0xff,
  0xff, 0x19, 0x00, 0x00, 0x00, 0x3a, 0xff, 0xff, 0xff, 0x55, 0x00, 0x00,
  0x00, 0x05, 0xf0, 0xff, 0xff, 0xa7, 0x00, 0x00, 0x00, 0x00, 0x89, 0xff,
  0xff, 0xfa, 0x17, 0x00, 0x00, 0x00, 0x1a, 0xf9, 0xff, 0xff, 0x7e, 0x00,
  0x00, 0x00, 0x00, 0x87, 0xff, 0xff, 0xf2, 0x18, 0x00, 0x00, 0x00, 0x04,
  0xc7, 0xff, 0xff, 0xa2, 0x00, 0x00, 0x00, 0x00, 0x1e, 0x6f, 0x6f, 0x6e,
  0x07, 0x17, 0x5b, 0x5b, 0x5b, 0x06, 0x00, 0x00, 0x00, 0x05, 0xd6, 0xff,
  0xff, 0x8f, 0x00, 0x00, 0x00, 0x00, 0x45, 0xff, 0xff, 0xff, 0x4a, 0x00,
  0x00, 0x00, 0x00, 0xb7, 0xff, 0xff, 0xd8, 0x01, 0x00, 0x00, 0x00, 0x49,
  0xff, 0xff, 0xff, 0x4e, 0x00, 0x00, 0x00, 0x01, 0xdc, 0xff, 0xff, 0xbc,
  0x00, 0x00, 0x00, 0x00, 0x88, 0xff, 0xff, 0xf9, 0x09, 0x00, 0x00, 0x00,
  0x4c, 0xff, 0xff, 0xff, 0x42, 0x00, 0x00, 0x00, 0x12, 0xff, 0xff, 0xff,
  0x7a, 0x00, 0x00, 0x00, 0x00, 0xf5, 0xff, 0xff, 0x91, 0x00, 0x00, 0x00,
  0x00, 0xe3, 0xff, 0xff, 0xa5, 0x00, 0x00, 0x00, 0x00, 0xd4, 0xff, 0xff,
  0xb6, 0x00, 0x00, 0x00, 0x00, 0xe0, 0xff, 0xff, 0xa8, 0x00, 0x00, 0x00,
  0x00, 0xf2, 0xff, 0xff, 0x94, 0x00, 0x00, 0x00, 0x0d, 0xff, 0xff, 0xff,
  0x7f, 0x00, 0x00, 0x00, 0x45, 0xff, 0xff, 0xff, 0x49, 0x00, 0x00, 0x00,
  0x82, 0xff, 0xff, 0xfc, 0x0e, 0x00, 0x00, 0x00, 0xd3, 0xff, 0xff, 0xc6,
  0x00, 0x00, 0x00, 0x3f, 0xff, 0xff, 0xff, 0x5a, 0x00, 0x00, 0x00, 0xac,
  0xff, 0xff, 0xe1, 0x04, 0x00, 0x00, 0x39, 0xfe, 0xff, 0xff, 0x5a, 0x00,
  0x00, 0x02, 0xcc, 0xff, 0xff, 0x9f, 0x00, 0x00, 0x00, 0x1a, 0x6f, 0x6f,
  0x6f, 0x0b, 0x00, 0x00, 0x00, 0x00, 0x00, 0x00, 0x00, 0x00, 0x00, 0x62,
  0x73, 0x4c, 0x00, 0x00, 0x00, 0x00, 0x00, 0x00, 0x00, 0x00, 0x00, 0x00,
  0x00, 0xd2, 0xff, 0xa2, 0x00, 0x00, 0x00, 0x00, 0x00, 0x00, 0x00, 0x05,
  0x00, 0x00, 0x00, 0xc8, 0xff, 0x98, 0x00, 0x00, 0x00, 0x05, 0x00, 0x00,
  0x4a, 0xd5, 0x3a, 0x00, 0x00, 0xbd, 0xff, 0x8f, 0x00, 0x00, 0x54, 0xe1,
  0x24, 0x03, 0xd5, 0xff, 0xfe, 0x94, 0x0d, 0xb3, 0xff, 0x85, 0x1c, 0xb1,
  0xff, 0xff, 0xab, 0x0a, 0x8c, 0xf7, 0xff, 0xff, 0xe3, 0xd7, 0xff, 0xc8,
  0xf2, 0xff, 0xff, 0xec, 0x74, 0x00, 0x00, 0x1b, 0x98, 0xfa, 0xff, 0xff,
  0xff, 0xff, 0xff, 0xf1, 0x80, 0x0e, 0x00, 0x00, 0x00, 0x00, 0x00, 0x4c,
  0xfa, 0xff, 0xff, 0xff, 0xeb, 0x2a, 0x00, 0x00, 0x00, 0x00, 0x00, 0x20,
  0x9f, 0xfc, 0xff, 0xff, 0xff, 0xff, 0xff, 0xf5, 0x87, 0x11, 0x00, 0x0b,
  0x93, 0xf9, 0xff, 0xff, 0xde, 0xd4, 0xff, 0xc4, 0xee, 0xff, 0xff, 0xf0,
  0x7b, 0x02, 0xd1, 0xff, 0xfc, 0x8c, 0x0a, 0xb3, 0xff, 0x85, 0x17, 0xa9,
  0xff, 0xff, 0xa7, 0x00, 0x45, 0xcd, 0x31, 0x00, 0x00, 0xbe, 0xff, 0x8f,
  0x00, 0x00, 0x4d, 0xdc, 0x21, 0x00, 0x00, 0x02, 0x00, 0x00, 0x00, 0xc8,
  0xff, 0x98, 0x00, 0x00, 0x00, 0x03, 0x00, 0x00, 0x00, 0x00, 0x00, 0x00,
  0x00, 0xd2, 0xff, 0xa2, 0x00, 0x00, 0x00, 0x00, 0x00, 0x00, 0x00, 0x00,
  0x00, 0x00, 0x00, 0x5b, 0x6b, 0x47, 0x00, 0x00, 0x00, 0x00, 0x00, 0x00,
  0x00, 0x00, 0x00, 0x14, 0xdb, 0xdb, 0xc7, 0x00, 0x00, 0x00, 0x00, 0x00,
  0x00, 0x00, 0x00, 0x00, 0x17, 0xff, 0xff, 0xe7, 0x00, 0x00, 0x00, 0x00,
  0x00, 0x00, 0x00, 0x00, 0x00, 0x17, 0xff, 0xff, 0xe7, 0x00, 0x00, 0x00,
  0x00, 0x00, 0x00, 0x00, 0x00, 0x00, 0x17, 0xff, 0xff, 0xe7, 0x00, 0x00,
  0x00, 0x00, 0x00, 0x00, 0x00, 0x00, 0x00, 0x17, 0xff, 0xff, 0xe7, 0x00,
  0x00, 0x00, 0x00, 0x00, 0xf0, 0xf7, 0xf7, 0xf7, 0xf8, 0xff, 0xff, 0xff,
  0xf7, 0xf7, 0xf7, 0xf7, 0xc1, 0xf7, 0xff, 0xff, 0xff, 0xff, 0xff, 0xff,
  0xff, 0xff, 0xff, 0xff, 0xff, 0xc7, 0xe8, 0xef, 0xef, 0xef, 0xf1, 0xff,
  0xff, 0xfe, 0xef, 0xef, 0xef, 0xef, 0xbb, 0x00, 0x00, 0x00, 0x00, 0x17,
  0xff, 0xff, 0xe7, 0x00, 0x00, 0x00, 0x00, 0x00, 0x00, 0x00, 0x00, 0x00,
  0x17, 0xff, 0xff, 0xe7, 0x00, 0x00, 0x00, 0x00, 0x00, 0x00, 0x00, 0x00,
  0x00, 0x17, 0xff, 0xff, 0xe7, 0x00, 0x00, 0x00, 0x00, 0x00, 0x00, 0x00,
  0x00, 0x00, 0x17, 0xff, 0xff, 0xe7, 0x00, 0x00, 0x00, 0x00, 0x00, 0x00,
  0x00, 0x00, 0x00, 0x13, 0xd3, 0xd3, 0xc0, 0x00, 0x00, 0x00, 0x00, 0x00,
  0x00, 0x00, 0x03, 0x03, 0x03, 0x02, 0x00, 0x10, 0xff, 0xff, 0xff, 0x8c,
  0x00, 0x38, 0xff, 0xff, 0xff, 0x49, 0x00, 0x60, 0xff, 0xff, 0xfa, 0x0c,
  0x00, 0x88, 0xff, 0xff, 0xc3, 0x00, 0x00, 0xb0, 0xff, 0xff, 0x7f, 0x00,
  0x00, 0xd8, 0xff, 0xff, 0x3c, 0x00, 0x05, 0xfb, 0xff, 0xf4, 0x05, 0x00,
  0x28, 0xff, 0xff, 0xb6, 0x00, 0x00, 0x04, 0x13, 0x13, 0x0b, 0x00, 0x00,
  0xc5, 0xf7, 0xf7, 0xf7, 0xf7, 0xf7, 0xf7, 0xf7, 0xf7, 0xf7, 0xf7, 0xf7,
  0x9a, 0xcb, 0xff, 0xff, 0xff, 0xff, 0xff, 0xff, 0xff, 0xff, 0xff, 0xff,
  0xff, 0x9f, 0xbf, 0xef, 0xef, 0xef, 0xef, 0xef, 0xef, 0xef, 0xef, 0xef,
  0xef, 0xef, 0x95, 0x00, 0x00, 0x00, 0x04, 0x00, 0x00, 0x00, 0x32, 0xd3,
  0xfd, 0xbe, 0x1a, 0x01, 0xdf, 0xff, 0xff, 0xff, 0xb1, 0x1f, 0xff, 0xff,
  0xff, 0xff, 0xee, 0x05, 0xef, 0xff, 0xff, 0xff, 0xc4, 0x00, 0x50, 0xf3,
  0xff, 0xe4, 0x30, 0x00, 0x00, 0x0d, 0x2e, 0x07, 0x00, 0x00, 0x00, 0x00,
  0x00, 0x00, 0x00, 0x00, 0x00, 0x29, 0x7b, 0x7b, 0x74, 0x00, 0x00, 0x00,
  0x00, 0x00, 0x00, 0x00, 0x00, 0x9b, 0xff, 0xff, 0xab, 0x00, 0x00, 0x00,
  0x00, 0x00, 0x00, 0x00, 0x07, 0xef, 0xff, 0xff, 0x4e, 0x00, 0x00, 0x00,
  0x00, 0x00, 0x00, 0x00, 0x54, 0xff, 0xff, 0xec, 0x05, 0x00, 0x00, 0x00,
  0x00, 0x00, 0x00, 0x00, 0xb0, 0xff, 0xff, 0x94, 0x00, 0x00, 0x00, 0x00,
  0x00, 0x00, 0x00, 0x13, 0xfa, 0xff, 0xff, 0x36, 0x00, 0x00, 0x00, 0x00,
  0x00, 0x00, 0x00, 0x69, 0xff, 0xff, 0xd9, 0x00, 0x00, 0x00, 0x00, 0x00,
  0x00, 0x00, 0x00, 0xc6, 0xff, 0xff, 0x7c, 0x00, 0x00, 0x00, 0x00, 0x00,
  0x00, 0x00, 0x23, 0xff, 0xff, 0xfe, 0x20, 0x00, 0x00, 0x00, 0x00, 0x00,
  0x00, 0x00, 0x7e, 0xff, 0xff, 0xc2, 0x00, 0x00, 0x00, 0x00, 0x00, 0x00,
  0x00, 0x00, 0xda, 0xff, 0xff, 0x64, 0x00, 0x00, 0x00, 0x00, 0x00, 0x00,
  0x00, 0x37, 0xff, 0xff, 0xf8, 0x0f, 0x00, 0x00, 0x00, 0x00, 0x00, 0x00,
  0x00, 0x94, 0xff, 0xff, 0xaa, 0x00, 0x00, 0x00, 0x00, 0x00, 0x00, 0x00,
  0x05, 0xeb, 0xff, 0xff, 0x4d, 0x00, 0x00, 0x00, 0x00, 0x00, 0x00, 0x00,
  0x4d, 0xff, 0xff, 0xeb, 0x05, 0x00, 0x00, 0x00, 0x00, 0x00, 0x00, 0x00,
  0xa9, 0xff, 0xff, 0x93, 0x00, 0x00, 0x00, 0x00, 0x00, 0x00, 0x00, 0x0e,
  0xf7, 0xff, 0xff, 0x35, 0x00, 0x00, 0x00, 0x00, 0x00, 0x00, 0x00, 0x62,
  0xff, 0xff, 0xd8, 0x00, 0x00, 0x00, 0x00, 0x00, 0x00, 0x00, 0x00, 0xbf,
  0xff, 0xff, 0x7b, 0x00, 0x00, 0x00, 0x00, 0x00, 0x00, 0x00, 0x1d, 0xfe,
  0xff, 0xfe, 0x20, 0x00, 0x00, 0x00, 0x00, 0x00, 0x00, 0x00, 0x78, 0xff,
  0xff, 0xc1, 0x00, 0x00, 0x00, 0x00, 0x00, 0x00, 0x00, 0x00, 0xd4, 0xff,
  0xff, 0x63, 0x00, 0x00, 0x00, 0x00, 0x00, 0x00, 0x00, 0x11, 0x93, 0x93,
  0x93, 0x0f, 0x00, 0x00, 0x00, 0x00, 0x00, 0x00, 0x00, 0x00, 0x00, 0x00,
  0x00, 0x06, 0x2b, 0x3d, 0x26, 0x01, 0x00, 0x00, 0x00, 0x00, 0x00, 0x00,
  0x08, 0x87, 0xee, 0xff, 0xff, 0xff, 0xe2, 0x6d, 0x01, 0x00, 0x00, 0x00,
  0x09, 0xc3, 0xff, 0xff, 0xff, 0xff, 0xff, 0xff, 0xff, 0xa0, 0x01, 0x00,
  0x00, 0x8d, 0xff, 0xff, 0xff, 0xc2, 0x8b, 0xca, 0xff, 0xff, 0xff, 0x63,
  0x00, 0x16, 0xfa, 0xff, 0xff, 0x8f, 0x00, 0x00, 0x02, 0xac, 0xff, 0xff,
  0xe4, 0x02, 0x69, 0xff, 0xff, 0xf1, 0x06, 0x00, 0x00, 0x00, 0x20, 0xfe,
  0xff, 0xff, 0x3f, 0x98, 0xff, 0xff, 0xa6, 0x00, 0x00, 0x00, 0x02, 0x71,
  0xfb, 0xff, 0xff, 0x6f, 0xb5, 0xff, 0xff, 0x77, 0x00, 0x00, 0x27, 0xc6,
  0xff, 0xff, 0xff, 0xff, 0x8c, 0xd2, 0xff, 0xff, 0x63, 0x03, 0x75, 0xf7,
  0xff, 0xff, 0xff, 0xff, 0xff, 0xa9, 0xe8, 0xff, 0xff, 0x7d, 0xc9, 0xff,
  0xff, 0xff, 0xcc, 0xa7, 0xff, 0xff, 0xc0, 0xd4, 0xff, 0xff, 0xff, 0xff,
  0xff, 0xf8, 0x79, 0x03, 0x8f, 0xff, 0xff, 0xab, 0xb8, 0xff, 0xff, 0xff,
  0xff, 0xc9, 0x2a, 0x00, 0x00, 0xa2, 0xff, 0xff, 0x8e, 0x9b, 0xff, 0xff,
  0xf7, 0x75, 0x03, 0x00, 0x00, 0x00, 0xcc, 0xff, 0xff, 0x71, 0x70, 0xff,
  0xff, 0xe3, 0x02, 0x00, 0x00, 0x00, 0x1d, 0xff, 0xff, 0xff, 0x46, 0x1d,
  0xfd, 0xff, 0xff, 0x6c, 0x00, 0x00, 0x00, 0xa7, 0xff, 0xff, 0xeb, 0x04,
  0x00, 0x9c, 0xff, 0xff, 0xfd, 0x9d, 0x74, 0xbc, 0xff, 0xff, 0xff, 0x71,
  0x00, 0x00, 0x11, 0xd4, 0xff, 0xff, 0xff, 0xff, 0xff, 0xff, 0xff, 0xb5,
  0x04, 0x00, 0x00, 0x00, 0x13, 0xa1, 0xfa, 0xff, 0xff, 0xff, 0xf3, 0x87,
  0x07, 0x00, 0x00, 0x00, 0x00, 0x00, 0x00, 0x12, 0x44, 0x55, 0x3f, 0x09,
  0x00, 0x00, 0x00, 0x00, 0x00, 0x00, 0x00, 0x00, 0x4e, 0xda, 0xe7, 0xe7,
  0x98, 0x00, 0x00, 0x00, 0x00, 0x00, 0x00, 0x11, 0xa2, 0xff, 0xff, 0xff,
  0xff, 0xa7, 0x00, 0x00, 0x00, 0x00, 0x00, 0x4b, 0xe6, 0xff, 0xff, 0xff,
  0xff, 0xff, 0xa7, 0x00, 0x00, 0x00, 0x00, 0x27, 0xff, 0xff, 0xff, 0xd5,
  0xc7, 0xff, 0xff, 0xa7, 0x00, 0x00, 0x00, 0x00, 0x2b, 0xff, 0xfc, 0x86,
  0x07, 0x9b, 0xff, 0xff, 0xa7, 0x00, 0x00, 0x00, 0x00, 0x2b, 0xd3, 0x34,
  0x00, 0x00, 0x9b, 0xff, 0xff, 0xa7, 0x00, 0x00, 0x00, 0x00, 0x0a, 0x06,
  0x00, 0x00, 0x00, 0x9b, 0xff, 0xff, 0xa7, 0x00, 0x00, 0x00, 0x00, 0x00,
  0x00, 0x00, 0x00, 0x00, 0x9b, 0xff, 0xff, 0xa7, 0x00, 0x00, 0x00, 0x00,
  0x00, 0x00, 0x00, 0x00, 0x00, 0x9b, 0xff, 0xff, 0xa7, 0x00, 0x00, 0x00,
  0x00, 0x00, 0x00, 0x00, 0x00, 0x00, 0x9b, 0xff, 0xff, 0xa7, 0x00, 0x00,
  0x00, 0x00, 0x00, 0x00, 0x00, 0x00, 0x00, 0x9b, 0xff, 0xff, 0xa7, 0x00,
  0x00, 0x00, 0x00, 0x00, 0x00, 0x00, 0x00, 0x00, 0x9b, 0xff, 0xff, 0xa7,
  0x00, 0x00, 0x00, 0x00, 0x00, 0x00, 0x00, 0x00, 0x00, 0x9b, 0xff, 0xff,
  0xa7, 0x00, 0x00, 0x00, 0x00, 0x00, 0x00, 0x00, 0x00, 0x00, 0x9b, 0xff,
  0xff, 0xa7, 0x00, 0x00, 0x00, 0x00, 0x21, 0xc3, 0xc3, 0xc3, 0xc3, 0xe8,
  0xff, 0xff, 0xeb, 0xc3, 0xc3, 0xc3, 0xbd, 0x2b, 0xff, 0xff, 0xff, 0xff,
  0xff, 0xff, 0xff, 0xff, 0xff, 0xff, 0xff, 0xf7, 0x2b, 0xff, 0xff, 0xff,
  0xff, 0xff, 0xff, 0xff, 0xff, 0xff, 0xff, 0xff, 0xf7, 0x00, 0x00, 0x00,
  0x00, 0x00, 0x1b, 0x34, 0x12, 0x00, 0x00, 0x00, 0x00, 0x00, 0x00, 0x00,
  0x16, 0x9c, 0xf1, 0xff, 0xff, 0xff, 0xe8, 0x78, 0x09, 0x00, 0x00, 0x00,
  0x30, 0xf0, 0xff, 0xff, 0xff, 0xff, 0xff, 0xff, 0xff, 0xd2, 0x0a, 0x00,
  0x09, 0xd7, 0xff, 0xff, 0xf0, 0x99, 0x85, 0xc1, 0xff, 0xff, 0xff, 0x9a,
  0x00, 0x52, 0xff, 0xff, 0xed, 0x1d, 0x00, 0x00, 0x00, 0x8c, 0xff, 0xff,
  0xef, 0x01, 0x85, 0xff, 0xff, 0x8f, 0x00, 0x00, 0x00, 0x00, 0x24, 0xff,
  0xff, 0xff, 0x21, 0x2b, 0x43, 0x43, 0x1e, 0x00, 0x00, 0x00, 0x00, 0x2b,
  0xff, 0xff, 0xff, 0x10, 0x00, 0x00, 0x00, 0x00, 0x00, 0x00, 0x00, 0x00,
  0x9b, 0xff, 0xff, 0xc4, 0x00, 0x00, 0x00, 0x00, 0x00, 0x00, 0x00, 0x00,
  0x5b, 0xff, 0xff, 0xfe, 0x43, 0x00, 0x00, 0x00, 0x00, 0x00, 0x00, 0x00,
  0x4c, 0xfa, 0xff, 0xff, 0x86, 0x00, 0x00, 0x00, 0x00, 0x00, 0x00, 0x00,
  0x48, 0xf8, 0xff, 0xff, 0xa5, 0x02, 0x00, 0x00, 0x00, 0x00, 0x00, 0x00,
  0x4a, 0xf8, 0xff, 0xff, 0xac, 0x04, 0x00, 0x00, 0x00, 0x00, 0x00, 0x00,
  0x4c, 0xf8, 0xff, 0xff, 0xa7, 0x04, 0x00, 0x00, 0x00, 0x00, 0x00, 0x00,
  0x4d, 0xf9, 0xff, 0xff, 0x9c, 0x02, 0x00, 0x00, 0x00, 0x00, 0x00, 0x00,
  0x4f, 0xf9, 0xff, 0xff, 0x91, 0x01, 0x00, 0x00, 0x00, 0x00, 0x00, 0x00,
  0x43, 0xfa, 0xff, 0xff, 0xff, 0xce, 0xcb, 0xcb, 0xcb, 0xcb, 0xcb, 0xcb,
  0x5c, 0x77, 0xff, 0xff, 0xff, 0xff, 0xff, 0xff, 0xff, 0xff, 0xff, 0xff,
  0xff, 0x73, 0x77, 0xff, 0xff, 0xff, 0xff, 0xff, 0xff, 0xff, 0xff, 0xff,
  0xff, 0xff, 0x73, 0x00, 0x00, 0x00, 0x00, 0x01, 0x1b, 0x36, 0x19, 0x00,
  0x00, 0x00, 0x00, 0x00, 0x00, 0x00, 0x19, 0x9a, 0xf5, 0xff, 0xff, 0xff,
  0xf3, 0x90, 0x18, 0x00, 0x00, 0x00, 0x27, 0xf1, 0xff, 0xff, 0xff, 0xff,
  0xff, 0xff, 0xff, 0xe8, 0x1e, 0x00, 0x03, 0xd1, 0xff, 0xff, 0xee, 0x93,
  0x7a, 0xa6, 0xfb, 0xff, 0xff, 0xc2, 0x00, 0x32, 0xff, 0xff, 0xe8, 0x1a,
  0x00, 0x00, 0x00, 0x4d, 0xff, 0xff, 0xfd, 0x0e, 0x5a, 0xdf, 0xdf, 0x7e,
  0x00, 0x00, 0x00, 0x00, 0x00, 0xef, 0xff, 0xff, 0x2a, 0x00, 0x00, 0x00,
  0x00, 0x00, 0x00, 0x00, 0x00, 0x12, 0xfd, 0xff, 0xf7, 0x08, 0x00, 0x00,
  0x00, 0x00, 0x00, 0x00, 0x00, 0x24, 0xbb, 0xff, 0xff, 0x89, 0x00, 0x00,
  0x00, 0x00, 0x00, 0x9a, 0xeb, 0xf4, 0xff, 0xff, 0xef, 0x85, 0x02, 0x00,
  0x00, 0x00, 0x00, 0x00, 0xa7, 0xff, 0xff, 0xff, 0xff, 0xb3, 0x57, 0x01,
  0x00, 0x00, 0x00, 0x00, 0x00, 0x63, 0x97, 0x9f, 0xc3, 0xfe, 0xff, 0xff,
  0xba, 0x06, 0x00, 0x00, 0x00, 0x00, 0x00, 0x00, 0x00, 0x00, 0x36, 0xf2,
  0xff, 0xff, 0x74, 0x00, 0x00, 0x00, 0x00, 0x00, 0x00, 0x00, 0x00, 0x00,
  0x91, 0xff, 0xff, 0xbd, 0x9c, 0xd7, 0xd7, 0x50, 0x00, 0x00, 0x00, 0x00,
  0x00, 0x89, 0xff, 0xff, 0xcf, 0x7f, 0xff, 0xff, 0xcf, 0x0e, 0x00, 0x00,
  0x00, 0x1e, 0xe6, 0xff, 0xff, 0x99, 0x28, 0xf5, 0xff, 0xff, 0xec, 0x9b,
  0x84, 0xa4, 0xf5, 0xff, 0xff, 0xfd, 0x42, 0x00, 0x59, 0xfe, 0xff, 0xff,
  0xff, 0xff, 0xff, 0xff, 0xff, 0xff, 0x77, 0x00, 0x00, 0x00, 0x34, 0xbb,
  0xff, 0xff, 0xff, 0xff, 0xff, 0xc5, 0x41, 0x00, 0x00, 0x00, 0x00, 0x00,
  0x00, 0x0e, 0x33, 0x4f, 0x34, 0x10, 0x00, 0x00, 0x00, 0x00, 0x00, 0x00,
  0x00, 0x00, 0x02, 0xca, 0xe7, 0xe7, 0x72, 0x00, 0x00, 0x00, 0x00, 0x00,
  0x00, 0x00, 0x00, 0x00, 0x53, 0xff, 0xff, 0xf7, 0x16, 0x00, 0x00, 0x00,
  0x00, 0x00, 0x00, 0x00, 0x00, 0x00, 0xca, 0xff, 0xff, 0x96, 0x00, 0x00,
  0x00, 0x00, 0x00, 0x00, 0x00, 0x00, 0x00, 0x42, 0xff, 0xff, 0xfd, 0x24,
  0x00, 0x00, 0x00, 0x00, 0x00, 0x00, 0x00, 0x00, 0x00, 0xb9, 0xff, 0xff,
  0xaa, 0x00, 0x00, 0x00, 0x00, 0x00, 0x00, 0x00, 0x00, 0x00, 0x30, 0xff,
  0xff, 0xff, 0x35, 0x00, 0x00, 0x00, 0x00, 0x00, 0x00, 0x00, 0x00, 0x00,
  0xa7, 0xff, 0xff, 0xbe, 0x00, 0x06, 0x2f, 0x2f, 0x26, 0x00, 0x00, 0x00,
  0x00, 0x21, 0xfc, 0xff, 0xff, 0x47, 0x00, 0x23, 0xff, 0xff, 0xcf, 0x00,
  0x00, 0x00, 0x00, 0x95, 0xff, 0xff, 0xd1, 0x00, 0x00, 0x23, 0xff, 0xff,
  0xcf, 0x00, 0x00, 0x00, 0x15, 0xf6, 0xff, 0xff, 0x5b, 0x00, 0x00, 0x23,
  0xff, 0xff, 0xcf, 0x00, 0x00, 0x00, 0x84, 0xff, 0xff, 0xe2, 0x04, 0x00,
  0x00, 0x23, 0xff, 0xff, 0xcf, 0x00, 0x00, 0x00, 0xce, 0xff, 0xff, 0xfa,
  0xeb, 0xeb, 0xeb, 0xee, 0xff, 0xff, 0xf9, 0xdb, 0xdb, 0x18, 0xcf, 0xff,
  0xff, 0xff, 0xff, 0xff, 0xff, 0xff, 0xff, 0xff, 0xff, 0xff, 0xff, 0x1b,
  0xa8, 0xcf, 0xcf, 0xcf, 0xcf, 0xcf, 0xcf, 0xdb, 0xff, 0xff, 0xf9, 0xcf,
  0xcf, 0x16, 0x00, 0x00, 0x00, 0x00, 0x00, 0x00, 0x00, 0x3f, 0xff, 0xff,
  0xdb, 0x00, 0x00, 0x00, 0x00, 0x00, 0x00, 0x00, 0x00, 0x00, 0x00, 0x3f,
  0xff, 0xff, 0xdb, 0x00, 0x00, 0x00, 0x00, 0x00, 0x00, 0x00, 0x00, 0x00,
  0x00, 0x3f, 0xff, 0xff, 0xdb, 0x00, 0x00, 0x00, 0x00, 0xbd, 0xe7, 0xe7,
  0xe7, 0xe7, 0xe7, 0xe7, 0xe7, 0xe7, 0xe7, 0x82, 0x00, 0x00, 0xe5, 0xff,
  0xff, 0xff, 0xff, 0xff, 0xff, 0xff, 0xff, 0xff, 0x8f, 0x00, 0x00, 0xf9,
  0xff, 0xfb, 0xe3, 0xe3, 0xe3, 0xe3, 0xe3, 0xe3, 0xe3, 0x80, 0x00, 0x0f,
  0xff, 0xff, 0xce, 0x00, 0x00, 0x00, 0x00, 0x00, 0x00, 0x00, 0x00, 0x00,
  0x24, 0xff, 0xff, 0xba, 0x00, 0x00, 0x00, 0x00, 0x00, 0x00, 0x00, 0x00,
  0x00, 0x39, 0xff, 0xff, 0xa6, 0x00, 0x00, 0x16, 0x31, 0x08, 0x00, 0x00,
  0x00, 0x00, 0x4e, 0xff, 0xff, 0x91, 0x45, 0xdf, 0xff, 0xff, 0xfb, 0xbf,
  0x25, 0x00, 0x00, 0x62, 0xff, 0xff, 0xd6, 0xfc, 0xff, 0xff, 0xff, 0xff,
  0xff, 0xf5, 0x3a, 0x00, 0x77, 0xff, 0xff, 0xff, 0xe4, 0x8b, 0x61, 0x91,
  0xf8, 0xff, 0xff, 0xd3, 0x04, 0x79, 0xdf, 0xdf, 0xcf, 0x20, 0x00, 0x00,
  0x00, 0x3e, 0xfe, 0xff, 0xff, 0x46, 0x00, 0x00, 0x00, 0x00, 0x00, 0x00,
  0x00, 0x00, 0x00, 0xbf, 0xff, 0xff, 0x72, 0x00, 0x00, 0x00, 0x00, 0x00,
  0x00, 0x00, 0x00, 0x00, 0x9f, 0xff, 0xff, 0x8a, 0x8c, 0xcb, 0xcb, 0x75,
  0x00, 0x00, 0x00, 0x00, 0x00, 0xca, 0xff, 0xff, 0x5f, 0x7a, 0xff, 0xff,
  0xee, 0x2b, 0x00, 0x00, 0x00, 0x63, 0xff, 0xff, 0xff, 0x2e, 0x26, 0xf5,
  0xff, 0xff, 0xf9, 0xac, 0x92, 0xc2, 0xff, 0xff, 0xff, 0xa8, 0x00, 0x00,
  0x5a, 0xff, 0xff, 0xff, 0xff, 0xff, 0xff, 0xff, 0xff, 0xdd, 0x14, 0x00,
  0x00, 0x00, 0x37, 0xc2, 0xff, 0xff, 0xff, 0xff, 0xf6, 0x87, 0x0a, 0x00,
  0x00, 0x00, 0x00, 0x00, 0x00, 0x11, 0x38, 0x4c, 0x25, 0x02, 0x00, 0x00,
  0x00, 0x00, 0x00, 0x00, 0x00, 0x00, 0x00, 0x3d, 0xe6, 0xe7, 0xe7, 0x78,
  0x00, 0x00, 0x00, 0x00, 0x00, 0x00, 0x00, 0x18, 0xe6, 0xff, 0xff, 0xc7,
  0x05, 0x00, 0x00, 0x00, 0x00, 0x00, 0x00, 0x03, 0xbf, 0xff, 0xff, 0xed,
  0x1e, 0x00, 0x00, 0x00, 0x00, 0x00, 0x00, 0x00, 0x85, 0xff, 0xff, 0xfe,
  0x4c, 0x00, 0x00, 0x00, 0x00, 0x00, 0x00, 0x00, 0x42, 0xfe, 0xff, 0xff,
  0x89, 0x00, 0x00, 0x00, 0x00, 0x00, 0x00, 0x00, 0x0b, 0xdf, 0xff, 0xff,
  0xc5, 0x04, 0x0a, 0x01, 0x00, 0x00, 0x00, 0x00, 0x00, 0x88, 0xff, 0xff,
  0xf9, 0x72, 0xd7, 0xfe, 0xf1, 0xbe, 0x3c, 0x00, 0x00, 0x12, 0xf4, 0xff,
  0xff, 0xff, 0xff, 0xff, 0xff, 0xff, 0xff, 0xfd, 0x70, 0x00, 0x6c, 0xff,
  0xff, 0xff, 0xf9, 0x9e, 0x74, 0x99, 0xf6, 0xff, 0xff, 0xfa, 0x2a, 0xb1,
  0xff, 0xff, 0xf8, 0x35, 0x00, 0x00, 0x00, 0x2a, 0xf4, 0xff, 0xff, 0x9f,
  0xd2, 0xff, 0xff, 0x9b, 0x00, 0x00, 0x00, 0x00, 0x00, 0x8c, 0xff, 0xff,
  0xcf, 0xcd, 0xff, 0xff, 0x74, 0x00, 0x00, 0x00, 0x00, 0x00, 0x64, 0xff,
  0xff, 0xe9, 0x9f, 0xff, 0xff, 0xa1, 0x00, 0x00, 0x00, 0x00, 0x00, 0x92,
  0xff, 0xff, 0xba, 0x68, 0xff, 0xff, 0xfc, 0x44, 0x00, 0x00, 0x00, 0x37,
  0xf8, 0xff, 0xff, 0x82, 0x06, 0xd1, 0xff, 0xff, 0xfd, 0xb0, 0x87, 0xab,
  0xfb, 0xff, 0xff, 0xe1, 0x0f, 0x00, 0x2f, 0xea, 0xff, 0xff, 0xff, 0xff,
  0xff, 0xff, 0xff, 0xef, 0x3c, 0x00, 0x00, 0x00, 0x12, 0x9c, 0xf8, 0xff,
  0xff, 0xff, 0xfa, 0xa7, 0x18, 0x00, 0x00, 0x00, 0x00, 0x00, 0x00, 0x04,
  0x28, 0x4c, 0x2e, 0x06, 0x00, 0x00, 0x00, 0x00, 0x75, 0xeb, 0xeb, 0xeb,
  0xeb, 0xeb, 0xeb, 0xeb, 0xeb, 0xeb, 0xeb, 0xeb, 0x79, 0x7f, 0xff, 0xff,
  0xff, 0xff, 0xff, 0xff, 0xff, 0xff, 0xff, 0xff, 0xff, 0x83, 0x6d, 0xdb,
  0xdb, 0xdb, 0xdb, 0xdb, 0xdb, 0xdb, 0xdb, 0xf9, 0xff, 0xff, 0x83, 0x00,
  0x00, 0x00, 0x00, 0x00, 0x00, 0x00, 0x00, 0x18, 0xf6, 0xff, 0xff, 0x35,
  0x00, 0x00, 0x00, 0x00, 0x00, 0x00, 0x00, 0x00, 0x95, 0xff, 0xff, 0xb2,
  0x00, 0x00, 0x00, 0x00, 0x00, 0x00, 0x00, 0x00, 0x21, 0xfa, 0xff, 0xff,
  0x32, 0x00, 0x00, 0x00, 0x00, 0x00, 0x00, 0x00, 0x00, 0xa1, 0xff, 0xff,
  0xae, 0x00, 0x00, 0x00, 0x00, 0x00, 0x00, 0x00, 0x00, 0x2b, 0xfd, 0xff,
  0xfe, 0x2e, 0x00, 0x00, 0x00, 0x00, 0x00, 0x00, 0x00, 0x00, 0xae, 0xff,
  0xff, 0xaa, 0x00, 0x00, 0x00, 0x00, 0x00, 0x00, 0x00, 0x00, 0x35, 0xff,
  0xff, 0xfd, 0x2b, 0x00, 0x00, 0x00, 0x00, 0x00, 0x00, 0x00, 0x00, 0xbb,
  0xff, 0xff, 0xa7, 0x00, 0x00, 0x00, 0x00, 0x00, 0x00, 0x00, 0x00, 0x41,
  0xff, 0xff, 0xfd, 0x29, 0x00, 0x00, 0x00, 0x00, 0x00, 0x00, 0x00, 0x00,
  0xc7, 0xff, 0xff, 0xa3, 0x00, 0x00, 0x00, 0x00, 0x00, 0x00, 0x00, 0x00,
  0x4e, 0xff, 0xff, 0xfc, 0x25, 0x00, 0x00, 0x00, 0x00, 0x00, 0x00, 0x00,
  0x02, 0xd2, 0xff, 0xff, 0x9f, 0x00, 0x00, 0x00, 0x00, 0x00, 0x00, 0x00,
  0x00, 0x5a, 0xff, 0xff, 0xfb, 0x23, 0x00, 0x00, 0x00, 0x00, 0x00, 0x00,
  0x00, 0x04, 0xdc, 0xff, 0xff, 0x9c, 0x00, 0x00, 0x00, 0x00, 0x00, 0x00,
  0x00, 0x00, 0x00, 0x00, 0x00, 0x00, 0x02, 0x1d, 0x36, 0x19, 0x00, 0x00,
  0x00, 0x00, 0x00, 0x00, 0x00, 0x00, 0x00, 0x2a, 0xa7, 0xf8, 0xff, 0xff,
  0xff, 0xf4, 0x95, 0x1d, 0x00, 0x00, 0x00, 0x00, 0x00, 0x4a, 0xfc, 0xff,
  0xff, 0xff, 0xff, 0xff, 0xff, 0xff, 0xf2, 0x2e, 0x00, 0x00, 0x00, 0x18,
  0xf2, 0xff, 0xff, 0xdf, 0x6b, 0x4a, 0x77, 0xeb, 0xff, 0xff, 0xe2, 0x04,
  0x00, 0x00, 0x5a, 0xff, 0xff, 0xf5, 0x1d, 0x00, 0x00, 0x00, 0x38, 0xff,
  0xff, 0xff, 0x34, 0x00, 0x00, 0x7f, 0xff, 0xff, 0xc9, 0x00, 0x00, 0x00,
  0x00, 0x00, 0xed, 0xff, 0xff, 0x5a, 0x00, 0x00, 0x51, 0xff, 0xff, 0xea,
  0x08, 0x00, 0x00, 0x00, 0x1a, 0xfe, 0xff, 0xff, 0x2c, 0x00, 0x00, 0x02,
  0xc6, 0xff, 0xff, 0xb4, 0x2d, 0x0d, 0x38, 0xca, 0xff, 0xff, 0xa3, 0x00,
  0x00, 0x00, 0x00, 0x0c, 0x91, 0xf1, 0xff, 0xff, 0xff, 0xff, 0xff, 0xe8,
  0x7e, 0x03, 0x00, 0x00, 0x00, 0x00, 0x0d, 0x74, 0xe2, 0xff, 0xff, 0xff,
  0xff, 0xff, 0xd5, 0x68, 0x05, 0x00, 0x00, 0x00, 0x1b, 0xd3, 0xff, 0xff,
  0xee, 0x9c, 0x81, 0xa4, 0xf6, 0xff, 0xff, 0xc0, 0x0d, 0x00, 0x00, 0xb1,
  0xff, 0xff, 0xd4, 0x11, 0x00, 0x00, 0x00, 0x21, 0xe9, 0xff, 0xff, 0x8d,
  0x00, 0x11, 0xff, 0xff, 0xff, 0x59, 0x00, 0x00, 0x00, 0x00, 0x00, 0x7e,
  0xff, 0xff, 0xec, 0x00, 0x2e, 0xff, 0xff, 0xff, 0x4c, 0x00, 0x00, 0x00,
  0x00, 0x00, 0x71, 0xff, 0xff, 0xff, 0x0a, 0x05, 0xf6, 0xff, 0xff, 0xae,
  0x00, 0x00, 0x00, 0x00, 0x06, 0xcd, 0xff, 0xff, 0xd6, 0x00, 0x00, 0xa5,
  0xff, 0xff, 0xff, 0xba, 0x57, 0x3d, 0x5f, 0xcc, 0xff, 0xff, 0xff, 0x80,
  0x00, 0x00, 0x0b, 0xcb, 0xff, 0xff, 0xff, 0xff, 0xff, 0xff, 0xff, 0xff,
  0xff, 0xaf, 0x02, 0x00, 0x00, 0x00, 0x09, 0x6d, 0xe2, 0xff, 0xff, 0xff,
  0xff, 0xff, 0xd4, 0x5c, 0x04, 0x00, 0x00, 0x00, 0x00, 0x00, 0x00, 0x01,
  0x1b, 0x3d, 0x53, 0x38, 0x16, 0x00, 0x00, 0x00, 0x00, 0x00, 0x00, 0x00,
  0x00, 0x00, 0x00, 0x16, 0x34, 0x0f, 0x00, 0x00, 0x00, 0x00, 0x00, 0x00,
  0x00, 0x0c, 0x8e, 0xe7, 0xff, 0xff, 0xff, 0xe2, 0x80, 0x07, 0x00, 0x00,
  0x00, 0x2f, 0xe2, 0xff, 0xff, 0xff, 0xff, 0xff, 0xff, 0xff, 0xd9, 0x21,
  0x00, 0x09, 0xd6, 0xff, 0xff, 0xff, 0xc0, 0x9c, 0xc7, 0xff, 0xff, 0xff,
  0xbf, 0x01, 0x7b, 0xff, 0xff, 0xfb, 0x47, 0x00, 0x00, 0x00, 0x59, 0xfe,
  0xff, 0xff, 0x59, 0xb7, 0xff, 0xff, 0x95, 0x00, 0x00, 0x00, 0x00, 0x00,
  0xab, 0xff, 0xff, 0x94, 0xe8, 0xff, 0xff, 0x60, 0x00, 0x00, 0x00, 0x00,
  0x00, 0x75, 0xff, 0xff, 0xc5, 0xd6, 0xff, 0xff, 0x7f, 0x00, 0x00, 0x00,
  0x00, 0x00, 0x95, 0xff, 0xff, 0xce, 0xa9, 0xff, 0xff, 0xea, 0x18, 0x00,
  0x00, 0x00, 0x24, 0xf3, 0xff, 0xff, 0xb0, 0x3c, 0xfe, 0xff, 0xff, 0xe9,
  0x7b, 0x57, 0x82, 0xf0, 0xff, 0xff, 0xff, 0x6c, 0x00, 0x8d, 0xff, 0xff,
  0xff, 0xff, 0xff, 0xff, 0xff, 0xff, 0xff, 0xf6, 0x15, 0x00, 0x00, 0x59,
  0xda, 0xfe, 0xff, 0xee, 0x86, 0xfb, 0xff, 0xff, 0x8e, 0x00, 0x00, 0x00,
  0x00, 0x00, 0x0e, 0x20, 0x03, 0xba, 0xff, 0xff, 0xe5, 0x0e, 0x00, 0x00,
  0x00, 0x00, 0x00, 0x00, 0x00, 0x7d, 0xff, 0xff, 0xff, 0x4c, 0x00, 0x00,
  0x00, 0x00, 0x00, 0x00, 0x00, 0x40, 0xfc, 0xff, 0xff, 0x90, 0x00, 0x00,
  0x00, 0x00, 0x00, 0x00, 0x00, 0x17, 0xe6, 0xff, 0xff, 0xc8, 0x05, 0x00,
  0x00, 0x00, 0x00, 0x00, 0x00, 0x02, 0xbc, 0xff, 0xff, 0xec, 0x1e, 0x00,
  0x00, 0x00, 0x00, 0x00, 0x00, 0x00, 0x7f, 0xff, 0xff, 0xfd, 0x46, 0x00,
  0x00, 0x00, 0x00, 0x00, 0x00, 0x20, 0xb1, 0xde, 0x9c, 0x0f, 0x00, 0xd2,
  0xff, 0xff, 0xff, 0xa2, 0x1d, 0xff, 0xff, 0xff, 0xff, 0xed, 0x08, 0xf7,
  0xff, 0xff, 0xff, 0xcf, 0x00, 0x68, 0xfc, 0xff, 0xf3, 0x42, 0x00, 0x00,
  0x24, 0x4e, 0x18, 0x00, 0x00, 0x00, 0x00, 0x00, 0x00, 0x00, 0x00, 0x00,
  0x00, 0x00, 0x00, 0x00, 0x00, 0x00, 0x00, 0x04, 0x00, 0x00, 0x00, 0x33,
  0xd4, 0xfd, 0xbf, 0x1b, 0x02, 0xe0, 0xff, 0xff, 0xff, 0xb2, 0x1f, 0xff,
  0xff, 0xff, 0xff, 0xee, 0x05, 0xef, 0xff, 0xff, 0xff, 0xc4, 0x00, 0x50,
  0xf3, 0xff, 0xe4, 0x30, 0x00, 0x00, 0x0d, 0x2e, 0x07, 0x00, 0x00, 0x20,
  0xb1, 0xde, 0x9c, 0x0f, 0x00, 0xd2, 0xff, 0xff, 0xff, 0xa2, 0x1d, 0xff,
  0xff, 0xff, 0xff, 0xed, 0x08, 0xf7, 0xff, 0xff, 0xff, 0xcf, 0x00, 0x68,
  0xfc, 0xff, 0xf3, 0x42, 0x00, 0x00, 0x24, 0x4e, 0x18, 0x00, 0x00, 0x00,
  0x00, 0x00, 0x00, 0x00, 0x00, 0x00, 0x00, 0x00, 0x00, 0x00, 0x00, 0x00,
  0x00, 0x00, 0x00, 0x00, 0x00, 0x01, 0x03, 0x03, 0x03, 0x00, 0x00, 0x90,
  0xff, 0xff, 0xfc, 0x10, 0x00, 0xb8, 0xff, 0xff, 0xc9, 0x00, 0x00, 0xe0,
  0xff, 0xff, 0x86, 0x00, 0x0a, 0xfe, 0xff, 0xff, 0x43, 0x00, 0x30, 0xff,
  0xff, 0xf8, 0x08, 0x00, 0x58, 0xff, 0xff, 0xbd, 0x00, 0x00, 0x80, 0xff,
  0xff, 0x7a, 0x00, 0x00, 0xa8, 0xff, 0xff, 0x37, 0x00, 0x00, 0x11, 0x17,
  0x17, 0x01, 0x00, 0x00, 0x00, 0x00, 0x00, 0x00, 0x00, 0x00, 0x00, 0x00,
  0x00, 0x00, 0x12, 0x74, 0x00, 0x00, 0x00, 0x00, 0x00, 0x00, 0x00, 0x00,
  0x0a, 0x79, 0xf0, 0xe3, 0x00, 0x00, 0x00, 0x00, 0x00, 0x00, 0x05, 0x68,
  0xe7, 0xff, 0xff, 0xe3, 0x00, 0x00, 0x00, 0x00, 0x01, 0x58, 0xdc, 0xff,
  0xff, 0xff, 0xff, 0xe1, 0x00, 0x00, 0x00, 0x47, 0xcf, 0xff, 0xff, 0xff,
  0xff, 0xf2, 0x8c, 0x1c, 0x00, 0x38, 0xc0, 0xff, 0xff, 0xff, 0xff, 0xe7,
  0x78, 0x10, 0x00, 0x00, 0x07, 0xff, 0xff, 0xff, 0xff, 0xd8, 0x64, 0x07,
  0x00, 0x00, 0x00, 0x00, 0x07, 0xff, 0xff, 0xff, 0xb2, 0x06, 0x00, 0x00,
  0x00, 0x00, 0x00, 0x00, 0x07, 0xfe, 0xff, 0xff, 0xff, 0xe1, 0x6e, 0x0b,
  0x00, 0x00, 0x00, 0x00, 0x00, 0x32, 0xb8, 0xff, 0xff, 0xff, 0xff, 0xed,
  0x81, 0x14, 0x00, 0x00, 0x00, 0x00, 0x00, 0x40, 0xc7, 0xff, 0xff, 0xff,
  0xff, 0xf6, 0x94, 0x21, 0x00, 0x00, 0x00, 0x00, 0x00, 0x4f, 0xd4, 0xff,
  0xff, 0xff, 0xff, 0xe2, 0x00, 0x00, 0x00, 0x00, 0x00, 0x00, 0x02, 0x5f,
  0xe0, 0xff, 0xff, 0xe3, 0x00, 0x00, 0x00, 0x00, 0x00, 0x00, 0x00, 0x00,
  0x07, 0x6f, 0xea, 0xe3, 0x00, 0x00, 0x00, 0x00, 0x00, 0x00, 0x00, 0x00,
  0x00, 0x00, 0x0c, 0x6a, 0x13, 0x17, 0x17, 0x17, 0x17, 0x17, 0x17, 0x17,
  0x17, 0x17, 0x17, 0x17, 0x0e, 0xcb, 0xff, 0xff, 0xff, 0xff, 0xff, 0xff,
  0xff, 0xff, 0xff, 0xff, 0xff, 0x9f, 0xcb, 0xff, 0xff, 0xff, 0xff, 0xff,
  0xff, 0xff, 0xff, 0xff, 0xff, 0xff, 0x9f, 0xcb, 0xff, 0xff, 0xff, 0xff,
  0xff, 0xff, 0xff, 0xff, 0xff, 0xff, 0xff, 0x9f, 0x16, 0x1b, 0x1b, 0x1b,
  0x1b, 0x1b, 0x1b, 0x1b, 0x1b, 0x1b, 0x1b, 0x1b, 0x11, 0x00, 0x00, 0x00,
  0x00, 0x00, 0x00, 0x00, 0x00, 0x00, 0x00, 0x00, 0x00, 0x00, 0x19, 0x1f,
  0x1f, 0x1f, 0x1f, 0x1f, 0x1f, 0x1f, 0x1f, 0x1f, 0x1f, 0x1f, 0x13, 0xcb,
  0xff, 0xff, 0xff, 0xff, 0xff, 0xff, 0xff, 0xff, 0xff, 0xff, 0xff, 0x9f,
  0xcb, 0xff, 0xff, 0xff, 0xff, 0xff, 0xff, 0xff, 0xff, 0xff, 0xff, 0xff,
  0x9f, 0xcb, 0xff, 0xff, 0xff, 0xff, 0xff, 0xff, 0xff, 0xff, 0xff, 0xff,
  0xff, 0x9f, 0x13, 0x17, 0x17, 0x17, 0x17, 0x17, 0x17, 0x17, 0x17, 0x17,
  0x17, 0x17, 0x0e, 0x05, 0x76, 0x09, 0x00, 0x00, 0x00, 0x00, 0x00, 0x00,
  0x00, 0x00, 0x00, 0x07, 0xff, 0xe5, 0x66, 0x04, 0x00, 0x00, 0x00, 0x00,
  0x00, 0x00, 0x00, 0x07, 0xff, 0xff, 0xff, 0xd9, 0x55, 0x01, 0x00, 0x00,
  0x00, 0x00, 0x00, 0x07, 0xfe, 0xff, 0xff, 0xff, 0xff, 0xcc, 0x45, 0x00,
  0x00, 0x00, 0x00, 0x00, 0x29, 0x9d, 0xf9, 0xff, 0xff, 0xff, 0xff, 0xbd,
  0x35, 0x00, 0x00, 0x00, 0x00, 0x00, 0x1a, 0x8b, 0xf2, 0xff, 0xff, 0xff,
  0xff, 0xac, 0x28, 0x00, 0x00, 0x00, 0x00, 0x00, 0x0f, 0x78, 0xe7, 0xff,
  0xff, 0xff, 0xe3, 0x00, 0x00, 0x00, 0x00, 0x00, 0x00, 0x00, 0x13, 0xd1,
  0xff, 0xff, 0xe3, 0x00, 0x00, 0x00, 0x00, 0x00, 0x15, 0x82, 0xed, 0xff,
  0xff, 0xff, 0xe1, 0x00, 0x00, 0x00, 0x21, 0x94, 0xf6, 0xff, 0xff, 0xff,
  0xfe, 0xa5, 0x22, 0x00, 0x2f, 0xa5, 0xfc, 0xff, 0xff, 0xff, 0xff, 0xb4,
  0x2e, 0x00, 0x00, 0x07, 0xff, 0xff, 0xff, 0xff, 0xff, 0xc4, 0x3c, 0x00,
  0x00, 0x00, 0x00, 0x07, 0xff, 0xff, 0xff, 0xd2, 0x4c, 0x00, 0x00, 0x00,
  0x00, 0x00, 0x00, 0x07, 0xff, 0xde, 0x5c, 0x02, 0x00, 0x00, 0x00, 0x00,
  0x00, 0x00, 0x00, 0x05, 0x6b, 0x05, 0x00, 0x00, 0x00, 0x00, 0x00, 0x00,
  0x00, 0x00, 0x00, 0x00, 0x00, 0x00, 0x00, 0x00, 0x08, 0x22, 0x07, 0x00,
  0x00, 0x00, 0x00, 0x00, 0x00, 0x05, 0x6e, 0xdd, 0xfd, 0xff, 0xfd, 0xda,
  0x68, 0x04, 0x00, 0x00, 0x04, 0xc3, 0xff, 0xff, 0xff, 0xff, 0xff, 0xff,
  0xff, 0xb9, 0x02, 0x00, 0x7d, 0xff, 0xff, 0xff, 0xe2, 0xd3, 0xff, 0xff,
  0xff, 0xff, 0x72, 0x00, 0xd2, 0xff, 0xff, 0x98, 0x02, 0x00, 0x26, 0xe8,
  0xff, 0xff, 0xbd, 0x03, 0xc7, 0xcb, 0xcb, 0x1e, 0x00, 0x00, 0x00, 0xa8,
  0xff, 0xff, 0xe5, 0x00, 0x00, 0x00, 0x00, 0x00, 0x00, 0x00, 0x02, 0xe2,
  0xff, 0xff, 0xc7, 0x00, 0x00, 0x00, 0x00, 0x00, 0x00, 0x0f, 0xab, 0xff,
  0xff, 0xff, 0x63, 0x00, 0x00, 0x00, 0x00, 0x00, 0x36, 0xe1, 0xff, 0xff,
  0xff, 0x98, 0x00, 0x00, 0x00, 0x00, 0x00, 0x18, 0xed, 0xff, 0xff, 0xef,
  0x5b, 0x00, 0x00, 0x00, 0x00, 0x00, 0x00, 0x6d, 0xff, 0xff, 0xf4, 0x27,
  0x00, 0x00, 0x00, 0x00, 0x00, 0x00, 0x00, 0x8a, 0xff, 0xff, 0xae, 0x00,
  0x00, 0x00, 0x00, 0x00, 0x00, 0x00, 0x00, 0x68, 0xbf, 0xbf, 0x68, 0x00,
  0x00, 0x00, 0x00, 0x00, 0x00, 0x00, 0x00, 0x00, 0x00, 0x00, 0x00, 0x00,
  0x00, 0x00, 0x00, 0x00, 0x00, 0x00, 0x00, 0x19, 0x91, 0x9f, 0x30, 0x00,
  0x00, 0x00, 0x00, 0x00, 0x00, 0x00, 0x00, 0xc3, 0xff, 0xff, 0xed, 0x0c,
  0x00, 0x00, 0x00, 0x00, 0x00, 0x00, 0x00, 0xf1, 0xff, 0xff, 0xff, 0x29,
  0x00, 0x00, 0x00, 0x00, 0x00, 0x00, 0x00, 0x90, 0xff, 0xff, 0xc4, 0x02,
  0x00, 0x00, 0x00, 0x00, 0x00, 0x00, 0x00, 0x00, 0x3e, 0x4c, 0x06, 0x00,
  0x00, 0x00, 0x00, 0x00, 0x00, 0x00, 0x00, 0x0a, 0x39, 0x4b, 0x29, 0x04,
  0x00, 0x00, 0x00, 0x00, 0x00, 0x00, 0x10, 0x98, 0xf6, 0xff, 0xff, 0xff,
  0xf8, 0xad, 0x13, 0x00, 0x00, 0x00, 0x0f, 0xd0, 0xff, 0xea, 0xb2, 0x88,
  0xa7, 0xde, 0xff, 0xe2, 0x2b, 0x00, 0x00, 0x96, 0xff, 0xc1, 0x0f, 0x00,
  0x00, 0x00, 0x05, 0x9a, 0xff, 0xb4, 0x00, 0x15, 0xfb, 0xe3, 0x08, 0x00,
  0x00, 0x00, 0x00, 0x00, 0x00, 0xcf, 0xff, 0x31, 0x62, 0xff, 0x81, 0x00,
  0x00, 0x00, 0x00, 0x00, 0x00, 0x00, 0x67, 0xff, 0x83, 0x97, 0xff, 0x42,
  0x00, 0x00, 0x10, 0x7b, 0x45, 0x00, 0x00, 0x28, 0xff, 0xa1, 0xbe, 0xff,
  0x1f, 0x00, 0x00, 0x79, 0xff, 0xf4, 0x08, 0x00, 0x10, 0xff, 0xbe, 0xd0,
  0xff, 0x0a, 0x00, 0x00, 0xa3, 0xff, 0xff, 0x27, 0x00, 0x00, 0xf8, 0xd8,
  0xdc, 0xff, 0x02, 0x00, 0x00, 0xa3, 0xff, 0xff, 0x27, 0x00, 0x00, 0xef,
  0xdb, 0xdf, 0xff, 0x00, 0x00, 0x00, 0xa3, 0xff, 0xff, 0x27, 0x00, 0x00,
  0xef, 0xdb, 0xdd, 0xff, 0x03, 0x00, 0x00, 0xa3, 0xff, 0xff, 0x27, 0x00,
  0x00, 0xf0, 0xda, 0xd2, 0xff, 0x0c, 0x00, 0x00, 0xa3, 0xff, 0xff, 0x27,
  0x00, 0x2b, 0xff, 0xbe, 0xc2, 0xff, 0x23, 0x00, 0x00, 0x81, 0xff, 0xff,
  0xe1, 0xdd, 0xfd, 0xff, 0x67, 0x9b, 0xff, 0x4b, 0x00, 0x00, 0x18, 0x97,
  0xbf, 0xbf, 0xbf, 0xb1, 0x65, 0x00, 0x67, 0xff, 0x90, 0x00, 0x00, 0x00,
  0x00, 0x00, 0x00, 0x00, 0x00, 0x00, 0x00, 0x17, 0xfc, 0xef, 0x13, 0x00,
  0x00, 0x00, 0x00, 0x00, 0x00, 0x00, 0x00, 0x00, 0x00, 0x99, 0xff, 0xd4,
  0x21, 0x00, 0x00, 0x00, 0x00, 0x00, 0x00, 0x00, 0x00, 0x00, 0x11, 0xd1,
  0xff, 0xee, 0xad, 0x7f, 0x6a, 0x7b, 0x6e, 0x00, 0x00, 0x00, 0x00, 0x00,
  0x12, 0x99, 0xf9, 0xff, 0xff, 0xff, 0xff, 0xab, 0x00, 0x00, 0x00, 0x00,
  0x00, 0x00, 0x00, 0x0d, 0x46, 0x5e, 0x5e, 0x45, 0x0e, 0x00, 0x00, 0x00,
  0x00, 0x00, 0x00, 0x00, 0x00, 0xa2, 0xe7, 0xe7, 0xe7, 0x76, 0x00, 0x00,
  0x00, 0x00, 0x00, 0x00, 0x00, 0x00, 0x00, 0x07, 0xf4, 0xff, 0xff, 0xff,
  0xcb, 0x00, 0x00, 0x00, 0x00, 0x00, 0x00, 0x00, 0x00, 0x00, 0x48, 0xff,
  0xff, 0xff, 0xff, 0xfe, 0x19, 0x00, 0x00, 0x00, 0x00, 0x00, 0x00, 0x00,
  0x00, 0x95, 0xff, 0xff, 0xd0, 0xff, 0xff, 0x65, 0x00, 0x00, 0x00, 0x00,
  0x00, 0x00, 0x00, 0x00, 0xe1, 0xff, 0xed, 0x59, 0xff, 0xff, 0xb2, 0x00,
  0x00, 0x00, 0x00, 0x00, 0x00, 0x00, 0x2e, 0xff, 0xff, 0xac, 0x16, 0xff,
  0xff, 0xf6, 0x09, 0x00, 0x00, 0x00, 0x00, 0x00, 0x00, 0x7b, 0xff, 0xff,
  0x69, 0x00, 0xd4, 0xff, 0xff, 0x4c, 0x00, 0x00, 0x00, 0x00, 0x00, 0x00,
  0xc8, 0xff, 0xff, 0x27, 0x00, 0x92, 0xff, 0xff, 0x98, 0x00, 0x00, 0x00,
  0x00, 0x00, 0x16, 0xfe, 0xff, 0xe5, 0x00, 0x00, 0x50, 0xff, 0xff, 0xe4,
  0x00, 0x00, 0x00, 0x00, 0x00, 0x61, 0xff, 0xff, 0xa2, 0x00, 0x00, 0x11,
  0xfd, 0xff, 0xff, 0x32, 0x00, 0x00, 0x00, 0x00, 0xae, 0xff, 0xff, 0xdc,
  0xbb, 0xbb, 0xbb, 0xf8, 0xff, 0xff, 0x7f, 0x00, 0x00, 0x00, 0x07, 0xf3,
  0xff, 0xff, 0xff, 0xff, 0xff, 0xff, 0xff, 0xff, 0xff, 0xcc, 0x00, 0x00,
  0x00, 0x47, 0xff, 0xff, 0xf8, 0xdf, 0xdf, 0xdf, 0xdf, 0xe5, 0xff, 0xff,
  0xfe, 0x1a, 0x00, 0x00, 0x94, 0xff, 0xff, 0x9d, 0x00, 0x00, 0x00, 0x00,
  0x0e, 0xfc, 0xff, 0xff, 0x66, 0x00, 0x00, 0xe0, 0xff, 0xff, 0x5a, 0x00,
  0x00, 0x00, 0x00, 0x00, 0xc8, 0xff, 0xff, 0xb3, 0x00, 0x2d, 0xff, 0xff,
  0xff, 0x18, 0x00, 0x00, 0x00, 0x00, 0x00, 0x86, 0xff, 0xff, 0xf6, 0x09,
  0x79, 0xff, 0xff, 0xd4, 0x00, 0x00, 0x00, 0x00, 0x00, 0x00, 0x44, 0xff,
  0xff, 0xff, 0x4d, 0x48, 0xe7, 0xe7, 0xe7, 0xe7, 0xe7, 0xe7, 0xd2, 0xb1,
  0x68, 0x06, 0x00, 0x00, 0x4f, 0xff, 0xff, 0xff, 0xff, 0xff, 0xff, 0xff,
  0xff, 0xff, 0xd9, 0x12, 0x00, 0x4f, 0xff, 0xff, 0xfa, 0xa7, 0xa7, 0xb8,
  0xec, 0xff, 0xff, 0xff, 0xa9, 0x00, 0x4f, 0xff, 0xff, 0xef, 0x00, 0x00,
  0x00, 0x0c, 0xc0, 0xff, 0xff, 0xf0, 0x01, 0x4f, 0xff, 0xff, 0xef, 0x00,
  0x00, 0x00, 0x00, 0x54, 0xff, 0xff, 0xff, 0x0e, 0x4f, 0xff, 0xff, 0xef,
  0x00, 0x00, 0x00, 0x00, 0x63, 0xff, 0xff, 0xdd, 0x00, 0x4f, 0xff, 0xff,
  0xef, 0x00, 0x00, 0x05, 0x46, 0xe6, 0xff, 0xfe, 0x56, 0x00, 0x4f, 0xff,
  0xff, 0xfe, 0xef, 0xf0, 0xfd, 0xff, 0xff, 0xca, 0x4f, 0x00, 0x00, 0x4f,
  0xff, 0xff, 0xff, 0xff, 0xff, 0xff, 0xff, 0xff, 0xc1, 0x76, 0x06, 0x00,
  0x4f, 0xff, 0xff, 0xf7, 0x7f, 0x7f, 0x8d, 0xb1, 0xf9, 0xff, 0xff, 0xcc,
  0x09, 0x4f, 0xff, 0xff, 0xef, 0x00, 0x00, 0x00, 0x00, 0x27, 0xee, 0xff,
  0xff, 0x81, 0x4f, 0xff, 0xff, 0xef, 0x00, 0x00, 0x00, 0x00, 0x00, 0xa1,
  0xff, 0xff, 0xc9, 0x4f, 0xff, 0xff, 0xef, 0x00, 0x00, 0x00, 0x00, 0x00,
  0xa9, 0xff, 0xff, 0xd9, 0x4f, 0xff, 0xff, 0xef, 0x00, 0x00, 0x00, 0x00,
  0x3b, 0xf6, 0xff, 0xff, 0xa6, 0x4f, 0xff, 0xff, 0xf9, 0x9b, 0x9b, 0xa7,
  0xc9, 0xff, 0xff, 0xff, 0xfd, 0x46, 0x4f, 0xff, 0xff, 0xff, 0xff, 0xff,
  0xff, 0xff, 0xff, 0xff, 0xfc, 0x77, 0x00, 0x4f, 0xff, 0xff, 0xff, 0xff,
  0xff, 0xff, 0xf0, 0xce, 0x9e, 0x29, 0x00, 0x00, 0x00, 0x00, 0x00, 0x00,
  0x00, 0x09, 0x31, 0x21, 0x02, 0x00, 0x00, 0x00, 0x00, 0x00, 0x00, 0x02,
  0x70, 0xda, 0xfd, 0xff, 0xff, 0xf6, 0xb8, 0x27, 0x00, 0x00, 0x00, 0x14,
  0xc3, 0xff, 0xff, 0xff, 0xff, 0xff, 0xff, 0xff, 0xf8, 0x59, 0x00, 0x00,
  0x9c, 0xff, 0xff, 0xff, 0xf8, 0xcf, 0xe7, 0xff, 0xff, 0xff, 0xef, 0x16,
  0x32, 0xfd, 0xff, 0xff, 0xb8, 0x10, 0x00, 0x00, 0x70, 0xff, 0xff, 0xff,
  0x8e, 0x7f, 0xff, 0xff, 0xf8, 0x19, 0x00, 0x00, 0x00, 0x00, 0xb8, 0xff,
  0xff, 0xc1, 0xa5, 0xff, 0xff, 0xc2, 0x00, 0x00, 0x00, 0x00, 0x00, 0x74,
  0xff, 0xff, 0xeb, 0xcb, 0xff, 0xff, 0xa5, 0x00, 0x00, 0x00, 0x00, 0x00,
  0x07, 0x13, 0x13, 0x13, 0xd7, 0xff, 0xff, 0x9b, 0x00, 0x00, 0x00, 0x00,
  0x00, 0x00, 0x00, 0x00, 0x00, 0xd7, 0xff, 0xff, 0x9b, 0x00, 0x00, 0x00,
  0x00, 0x00, 0x00, 0x00, 0x00, 0x00, 0xd7, 0xff, 0xff, 0x9b, 0x00, 0x00,
  0x00, 0x00, 0x00, 0x00, 0x00, 0x00, 0x00, 0xce, 0xff, 0xff, 0xa3, 0x00,
  0x00, 0x00, 0x00, 0x00, 0x00, 0x00, 0x00, 0x00, 0xa9, 0xff, 0xff, 0xbe,
  0x00, 0x00, 0x00, 0x00, 0x00, 0x57, 0xd3, 0xd3, 0xcb, 0x83, 0xff, 0xff,
  0xf3, 0x11, 0x00, 0x00, 0x00, 0x00, 0x9c, 0xff, 0xff, 0xce, 0x3f, 0xff,
  0xff, 0xff, 0xa5, 0x07, 0x00, 0x00, 0x42, 0xfa, 0xff, 0xff, 0xa0, 0x00,
  0xac, 0xff, 0xff, 0xff, 0xe6, 0xb3, 0xc6, 0xfd, 0xff, 0xff, 0xf7, 0x26,
  0x00, 0x1e, 0xd8, 0xff, 0xff, 0xff, 0xff, 0xff, 0xff, 0xff, 0xfe, 0x70,
  0x00, 0x00, 0x00, 0x08, 0x8a, 0xf3, 0xff, 0xff, 0xff, 0xff, 0xd0, 0x3b,
  0x00, 0x00, 0x00, 0x00, 0x00, 0x00, 0x01, 0x1f, 0x49, 0x3a, 0x10, 0x00,
  0x00, 0x00, 0x00, 0x89, 0xe7, 0xe7, 0xe7, 0xe7, 0xe7, 0xd9, 0xbe, 0x7f,
  0x1d, 0x00, 0x00, 0x00, 0x00, 0x97, 0xff, 0xff, 0xff, 0xff, 0xff, 0xff,
  0xff, 0xff, 0xf7, 0x6e, 0x00, 0x00, 0x00, 0x97, 0xff, 0xff, 0xfd, 0xf7,
  0xfc, 0xff, 0xff, 0xff, 0xff, 0xff, 0x67, 0x00, 0x00, 0x97, 0xff, 0xff,
  0xbb, 0x00, 0x04, 0x2c, 0x83, 0xfd, 0xff, 0xff, 0xf4, 0x15, 0x00, 0x97,
  0xff, 0xff, 0xbb, 0x00, 0x00, 0x00, 0x00, 0x61, 0xff, 0xff, 0xff, 0x74,
  0x00, 0x97, 0xff, 0xff, 0xbb, 0x00, 0x00, 0x00, 0x00, 0x03, 0xdd, 0xff,
  0xff, 0xab, 0x00, 0x97, 0xff, 0xff, 0xbb, 0x00, 0x00, 0x00, 0x00, 0x00,
  0x92, 0xff, 0xff, 0xcc, 0x00, 0x97, 0xff, 0xff, 0xbb, 0x00, 0x00, 0x00,
  0x00, 0x00, 0x77, 0xff, 0xff, 0xed, 0x00, 0x97, 0xff, 0xff, 0xbb, 0x00,
  0x00, 0x00, 0x00, 0x00, 0x62, 0xff, 0xff, 0xff, 0x06, 0x97, 0xff, 0xff,
  0xbb, 0x00, 0x00, 0x00, 0x00, 0x00, 0x76, 0xff, 0xff, 0xfb, 0x00, 0x97,
  0xff, 0xff, 0xbb, 0x00, 0x00, 0x00, 0x00, 0x00, 0x8f, 0xff, 0xff, 0xe6,
  0x00, 0x97, 0xff, 0xff, 0xbb, 0x00, 0x00, 0x00, 0x00, 0x00, 0xd3, 0xff,
  0xff, 0xb6, 0x00, 0x97, 0xff, 0xff, 0xbb, 0x00, 0x00, 0x00, 0x00, 0x4a,
  0xff, 0xff, 0xff, 0x74, 0x00, 0x97, 0xff, 0xff, 0xbb, 0x00, 0x00, 0x0f,
  0x63, 0xf6, 0xff, 0xff, 0xf6, 0x16, 0x00, 0x97, 0xff, 0xff, 0xf6, 0xdb,
  0xe4, 0xff, 0xff, 0xff, 0xff, 0xff, 0x72, 0x00, 0x00, 0x97, 0xff, 0xff,
  0xff, 0xff, 0xff, 0xff, 0xff, 0xff, 0xfd, 0x82, 0x00, 0x00, 0x00, 0x97,
  0xff, 0xff, 0xff, 0xff, 0xff, 0xf2, 0xd8, 0x98, 0x2f, 0x00, 0x00, 0x00,
  0x00, 0x9f, 0xe7, 0xe7, 0xe7, 0xe7, 0xe7, 0xe7, 0xe7, 0xe7, 0xe7, 0xe4,
  0xaf, 0xff, 0xff, 0xff, 0xff, 0xff, 0xff, 0xff, 0xff, 0xff, 0xfb, 0xaf,
  0xff, 0xff, 0xfd, 0xf7, 0xf7, 0xf7, 0xf7, 0xf7, 0xf7, 0xf4, 0xaf, 0xff,
  0xff, 0xa7, 0x00, 0x00, 0x00, 0x00, 0x00, 0x00, 0x00, 0xaf, 0xff, 0xff,
  0xa7, 0x00, 0x00, 0x00, 0x00, 0x00, 0x00, 0x00, 0xaf, 0xff, 0xff, 0xa7,
  0x00, 0x00, 0x00, 0x00, 0x00, 0x00, 0x00, 0xaf, 0xff, 0xff, 0xa7, 0x00,
  0x00, 0x00, 0x00, 0x00, 0x00, 0x00, 0xaf, 0xff, 0xff, 0xf4, 0xdf, 0xdf,
  0xdf, 0xdf, 0xdf, 0xdf, 0x7a, 0xaf, 0xff, 0xff, 0xff, 0xff, 0xff, 0xff,
  0xff, 0xff, 0xff, 0x8b, 0xaf, 0xff, 0xff, 0xec, 0xc7, 0xc7, 0xc7, 0xc7,
  0xc7, 0xc7, 0x6d, 0xaf, 0xff, 0xff, 0xa7, 0x00, 0x00, 0x00, 0x00, 0x00,
  0x00, 0x00, 0xaf, 0xff, 0xff, 0xa7, 0x00, 0x00, 0x00, 0x00, 0x00, 0x00,
  0x00, 0xaf, 0xff, 0xff, 0xa7, 0x00, 0x00, 0x00, 0x00, 0x00, 0x00, 0x00,
  0xaf, 0xff, 0xff, 0xa7, 0x00, 0x00, 0x00, 0x00, 0x00, 0x00, 0x00, 0xaf,
  0xff, 0xff, 0xf3, 0xdb, 0xdb, 0xdb, 0xdb, 0xdb, 0xdb, 0xd8, 0xaf, 0xff,
  0xff, 0xff, 0xff, 0xff, 0xff, 0xff, 0xff, 0xff, 0xfb, 0xaf, 0xff, 0xff,
  0xff, 0xff, 0xff, 0xff, 0xff, 0xff, 0xff, 0xfb, 0x70, 0xe7, 0xe7, 0xe7,
  0xe7, 0xe7, 0xe7, 0xe7, 0xe7, 0xe7, 0xe7, 0x2f, 0x7b, 0xff, 0xff, 0xff,
  0xff, 0xff, 0xff, 0xff, 0xff, 0xff, 0xff, 0x33, 0x7b, 0xff, 0xff, 0xfe,
  0xf7, 0xf7, 0xf7, 0xf7, 0xf7, 0xf7, 0xf7, 0x32, 0x7b, 0xff, 0xff, 0xdb,
  0x00, 0x00, 0x00, 0x00, 0x00, 0x00, 0x00, 0x00, 0x7b, 0xff, 0xff, 0xdb,
  0x00, 0x00, 0x00, 0x00, 0x00, 0x00, 0x00, 0x00, 0x7b, 0xff, 0xff, 0xdb,
  0x00, 0x00, 0x00, 0x00, 0x00, 0x00, 0x00, 0x00, 0x7b, 0xff, 0xff, 0xdb,
  0x00, 0x00, 0x00, 0x00, 0x00, 0x00, 0x00, 0x00, 0x7b, 0xff, 0xff, 0xec,
  0x73, 0x73, 0x73, 0x73, 0x73, 0x73, 0x3d, 0x00, 0x7b, 0xff, 0xff, 0xff,
  0xff, 0xff, 0xff, 0xff, 0xff, 0xff, 0x87, 0x00, 0x7b, 0xff, 0xff, 0xff,
  0xff, 0xff, 0xff, 0xff, 0xff, 0xff, 0x87, 0x00, 0x7b, 0xff, 0xff, 0xe6,
  0x4b, 0x4b, 0x4b, 0x4b, 0x4b, 0x4b, 0x28, 0x00, 0x7b, 0xff, 0xff, 0xdb,
  0x00, 0x00, 0x00, 0x00, 0x00, 0x00, 0x00, 0x00, 0x7b, 0xff, 0xff, 0xdb,
  0x00, 0x00, 0x00, 0x00, 0x00, 0x00, 0x00, 0x00, 0x7b, 0xff, 0xff, 0xdb,
  0x00, 0x00, 0x00, 0x00, 0x00, 0x00, 0x00, 0x00, 0x7b, 0xff, 0xff, 0xdb,
  0x00, 0x00, 0x00, 0x00, 0x00, 0x00, 0x00, 0x00, 0x7b, 0xff, 0xff, 0xdb,
  0x00, 0x00, 0x00, 0x00, 0x00, 0x00, 0x00, 0x00, 0x7b, 0xff, 0xff, 0xdb,
  0x00, 0x00, 0x00, 0x00, 0x00, 0x00, 0x00, 0x00, 0x00, 0x00, 0x00, 0x00,
  0x00, 0x0b, 0x32, 0x1f, 0x01, 0x00, 0x00, 0x00, 0x00, 0x00, 0x00, 0x04,
  0x7a, 0xdd, 0xfe, 0xff, 0xff, 0xf4, 0xad, 0x1f, 0x00, 0x00, 0x00, 0x1a,
  0xcc, 0xff, 0xff, 0xff, 0xff, 0xff, 0xff, 0xff, 0xf5, 0x48, 0x00, 0x00,
  0xa8, 0xff, 0xff, 0xff, 0xf5, 0xcd, 0xea, 0xff, 0xff, 0xff, 0xe6, 0x11,
  0x3b, 0xff, 0xff, 0xff, 0xa3, 0x08, 0x00, 0x02, 0x7c, 0xff, 0xff, 0xff,
  0x7b, 0x87, 0xff, 0xff, 0xeb, 0x0a, 0x00, 0x00, 0x00, 0x00, 0xc4, 0xff,
  0xff, 0xaf, 0xad, 0xff, 0xff, 0xa5, 0x00, 0x00, 0x00, 0x00, 0x00, 0x5f,
  0xaf, 0xaf, 0x96, 0xd3, 0xff, 0xff, 0x89, 0x00, 0x00, 0x00, 0x00, 0x00,
  0x00, 0x00, 0x00, 0x00, 0xdf, 0xff, 0xff, 0x7f, 0x00, 0x00, 0x00, 0x00,
  0x00, 0x00, 0x00, 0x00, 0x00, 0xdf, 0xff, 0xff, 0x7f, 0x00, 0x00, 0x99,
  0xfb, 0xfb, 0xfb, 0xfb, 0xfb, 0xe8, 0xdf, 0xff, 0xff, 0x7f, 0x00, 0x00,
  0x9b, 0xff, 0xff, 0xff, 0xff, 0xff, 0xeb, 0xd6, 0xff, 0xff, 0x87, 0x00,
  0x00, 0x52, 0x87, 0x87, 0xbe, 0xff, 0xff, 0xeb, 0xb1, 0xff, 0xff, 0xa2,
  0x00, 0x00, 0x00, 0x00, 0x00, 0x7a, 0xff, 0xff, 0xe6, 0x8b, 0xff, 0xff,
  0xe2, 0x05, 0x00, 0x00, 0x00, 0x00, 0xa5, 0xff, 0xff, 0xbd, 0x48, 0xff,
  0xff, 0xff, 0x8c, 0x02, 0x00, 0x00, 0x41, 0xfb, 0xff, 0xff, 0x8d, 0x00,
  0xb6, 0xff, 0xff, 0xff, 0xdf, 0xb1, 0xc6, 0xfe, 0xff, 0xff, 0xf3, 0x22,
  0x00, 0x24, 0xde, 0xff, 0xff, 0xff, 0xff, 0xff, 0xff, 0xff, 0xfd, 0x62,
  0x00, 0x00, 0x00, 0x0b, 0x93, 0xf5, 0xff, 0xff, 0xff, 0xff, 0xc8, 0x34,
  0x00, 0x00, 0x00, 0x00, 0x00, 0x00, 0x01, 0x22, 0x4b, 0x38, 0x0f, 0x00,
  0x00, 0x00, 0x00, 0x90, 0xe7, 0xe7, 0x94, 0x00, 0x00, 0x00, 0x00, 0x00,
  0xc0, 0xe7, 0xe7, 0x69, 0x9f, 0xff, 0xff, 0xa3, 0x00, 0x00, 0x00, 0x00,
  0x00, 0xd3, 0xff, 0xff, 0x73, 0x9f, 0xff, 0xff, 0xa3, 0x00, 0x00, 0x00,
  0x00, 0x00, 0xd3, 0xff, 0xff, 0x73, 0x9f, 0xff, 0xff, 0xa3, 0x00, 0x00,
  0x00, 0x00, 0x00, 0xd3, 0xff, 0xff, 0x73, 0x9f, 0xff, 0xff, 0xa3, 0x00,
  0x00, 0x00, 0x00, 0x00, 0xd3, 0xff, 0xff, 0x73, 0x9f, 0xff, 0xff, 0xa3,
  0x00, 0x00, 0x00, 0x00, 0x00, 0xd3, 0xff, 0xff, 0x73, 0x9f, 0xff, 0xff,
  0xa5, 0x03, 0x03, 0x03, 0x03, 0x03, 0xd4, 0xff, 0xff, 0x73, 0x9f, 0xff,
  0xff, 0xff, 0xff, 0xff, 0xff, 0xff, 0xff, 0xff, 0xff, 0xff, 0x73, 0x9f,
  0xff, 0xff, 0xff, 0xff, 0xff, 0xff, 0xff, 0xff, 0xff, 0xff, 0xff, 0x73,
  0x9f, 0xff, 0xff, 0xf3, 0xdb, 0xdb, 0xdb, 0xdb, 0xdb, 0xf9, 0xff, 0xff,
  0x73, 0x9f, 0xff, 0xff, 0xa3, 0x00, 0x00, 0x00, 0x00, 0x00, 0xd3, 0xff,
  0xff, 0x73, 0x9f, 0xff, 0xff, 0xa3, 0x00, 0x00, 0x00, 0x00, 0x00, 0xd3,
  0xff, 0xff, 0x73, 0x9f, 0xff, 0xff, 0xa3, 0x00, 0x00, 0x00, 0x00, 0x00,
  0xd3, 0xff, 0xff, 0x73, 0x9f, 0xff, 0xff, 0xa3, 0x00, 0x00, 0x00, 0x00,
  0x00, 0xd3, 0xff, 0xff, 0x73, 0x9f, 0xff, 0xff, 0xa3, 0x00, 0x00, 0x00,
  0x00, 0x00, 0xd3, 0xff, 0xff, 0x73, 0x9f, 0xff, 0xff, 0xa3, 0x00, 0x00,
  0x00, 0x00, 0x00, 0xd3, 0xff, 0xff, 0x73, 0x9f, 0xff, 0xff, 0xa3, 0x00,
  0x00, 0x00, 0x00, 0x00, 0xd3, 0xff, 0xff, 0x73, 0xad, 0xe7, 0xe7, 0xe7,
  0xe7, 0xe7, 0xe7, 0xe7, 0xe7, 0xe7, 0x86, 0xbf, 0xff, 0xff, 0xff, 0xff,
  0xff, 0xff, 0xff, 0xff, 0xff, 0x93, 0xb6, 0xf3, 0xf3, 0xf6, 0xff, 0xff,
  0xff, 0xf4, 0xf3, 0xf3, 0x8d, 0x00, 0x00, 0x00, 0x3f, 0xff, 0xff, 0xff,
  0x13, 0x00, 0x00, 0x00, 0x00, 0x00, 0x00, 0x3f, 0xff, 0xff, 0xff, 0x13,
  0x00, 0x00, 0x00, 0x00, 0x00, 0x00, 0x3f, 0xff, 0xff, 0xff, 0x13, 0x00,
  0x00, 0x00, 0x00, 0x00, 0x00, 0x3f, 0xff, 0xff, 0xff, 0x13, 0x00, 0x00,
  0x00, 0x00, 0x00, 0x00, 0x3f, 0xff, 0xff, 0xff, 0x13, 0x00, 0x00, 0x00,
  0x00, 0x00, 0x00, 0x3f, 0xff, 0xff, 0xff, 0x13, 0x00, 0x00, 0x00, 0x00,
  0x00, 0x00, 0x3f, 0xff, 0xff, 0xff, 0x13, 0x00, 0x00, 0x00, 0x00, 0x00,
  0x00, 0x3f, 0xff, 0xff, 0xff, 0x13, 0x00, 0x00, 0x00, 0x00, 0x00, 0x00,
  0x3f, 0xff, 0xff, 0xff, 0x13, 0x00, 0x00, 0x00, 0x00, 0x00, 0x00, 0x3f,
  0xff, 0xff, 0xff, 0x13, 0x00, 0x00, 0x00, 0x00, 0x00, 0x00, 0x3f, 0xff,
  0xff, 0xff, 0x13, 0x00, 0x00, 0x00, 0xa4, 0xdb, 0xdb, 0xe4, 0xff, 0xff,
  0xff, 0xde, 0xdb, 0xdb, 0x7f, 0xbf, 0xff, 0xff, 0xff, 0xff, 0xff, 0xff,
  0xff, 0xff, 0xff, 0x93, 0xbf, 0xff, 0xff, 0xff, 0xff, 0xff, 0xff, 0xff,
  0xff, 0xff, 0x93, 0x00, 0x00, 0xb8, 0xe7, 0xe7, 0xe7, 0xe7, 0xe7, 0xe7,
  0xe7, 0xe7, 0x8d, 0x00, 0x00, 0xcb, 0xff, 0xff, 0xff, 0xff, 0xff, 0xff,
  0xff, 0xff, 0x9b, 0x00, 0x00, 0xc2, 0xf3, 0xf3, 0xf3, 0xf3, 0xf3, 0xfc,
  0xff, 0xff, 0x9b, 0x00, 0x00, 0x00, 0x00, 0x00, 0x00, 0x00, 0x00, 0xb7,
  0xff, 0xff, 0x9b, 0x00, 0x00, 0x00, 0x00, 0x00, 0x00, 0x00, 0x00, 0xb7,
  0xff, 0xff, 0x9b, 0x00, 0x00, 0x00, 0x00, 0x00, 0x00, 0x00, 0x00, 0xb7,
  0xff, 0xff, 0x9b, 0x00, 0x00, 0x00, 0x00, 0x00, 0x00, 0x00, 0x00, 0xb7,
  0xff, 0xff, 0x9b, 0x00, 0x00, 0x00, 0x00, 0x00, 0x00, 0x00, 0x00, 0xb7,
  0xff, 0xff, 0x9b, 0x00, 0x00, 0x00, 0x00, 0x00, 0x00, 0x00, 0x00, 0xb7,
  0xff, 0xff, 0x9b, 0x00, 0x00, 0x00, 0x00, 0x00, 0x00, 0x00, 0x00, 0xb7,
  0xff, 0xff, 0x9b, 0x00, 0x00, 0x00, 0x00, 0x00, 0x00, 0x00, 0x00, 0xb7,
  0xff, 0xff, 0x9b, 0x02, 0x03, 0x03, 0x01, 0x00, 0x00, 0x00, 0x00, 0xb9,
  0xff, 0xff, 0x9a, 0xa8, 0xff, 0xff, 0x8e, 0x00, 0x00, 0x00, 0x00, 0xd7,
  0xff, 0xff, 0x7a, 0x79, 0xff, 0xff, 0xed, 0x24, 0x00, 0x00, 0x50, 0xff,
  0xff, 0xff, 0x51, 0x29, 0xf8, 0xff, 0xff, 0xf6, 0xbd, 0xc6, 0xfe, 0xff,
  0xff, 0xe7, 0x0f, 0x00, 0x74, 0xff, 0xff, 0xff, 0xff, 0xff, 0xff, 0xff,
  0xff, 0x55, 0x00, 0x00, 0x00, 0x4f, 0xdf, 0xff, 0xff, 0xff, 0xff, 0xd5,
  0x3e, 0x00, 0x00, 0x00, 0x00, 0x00, 0x00, 0x1d, 0x46, 0x41, 0x18, 0x00,
  0x00, 0x00, 0x00, 0x24, 0xe7, 0xe7, 0xe7, 0x03, 0x00, 0x00, 0x00, 0x00,
  0x39, 0xe5, 0xe7, 0xe6, 0x40, 0x27, 0xff, 0xff, 0xff, 0x03, 0x00, 0x00,
  0x00, 0x15, 0xe3, 0xff, 0xff, 0x86, 0x00, 0x27, 0xff, 0xff, 0xff, 0x03,
  0x00, 0x00, 0x02, 0xbb, 0xff, 0xff, 0xbc, 0x03, 0x00, 0x27, 0xff, 0xff,
  0xff, 0x03, 0x00, 0x00, 0x82, 0xff, 0xff, 0xe2, 0x14, 0x00, 0x00, 0x27,
  0xff, 0xff, 0xff, 0x03, 0x00, 0x49, 0xfe, 0xff, 0xf9, 0x36, 0x00, 0x00,
  0x00, 0x27, 0xff, 0xff, 0xff, 0x03, 0x1f, 0xed, 0xff, 0xff, 0x67, 0x00,
  0x00, 0x00, 0x00, 0x27, 0xff, 0xff, 0xff, 0x0a, 0xca, 0xff, 0xff, 0xa0,
  0x00, 0x00, 0x00, 0x00, 0x00, 0x27, 0xff, 0xff, 0xff, 0x9e, 0xff, 0xff,
  0xf1, 0x0a, 0x00, 0x00, 0x00, 0x00, 0x00, 0x27, 0xff, 0xff, 0xff, 0xff,
  0xff, 0xff, 0xff, 0x68, 0x00, 0x00, 0x00, 0x00, 0x00, 0x27, 0xff, 0xff,
  0xff, 0xff, 0xff, 0xff, 0xff, 0xf2, 0x1e, 0x00, 0x00, 0x00, 0x00, 0x27,
  0xff, 0xff, 0xff, 0xf0, 0x52, 0xfa, 0xff, 0xff, 0xb9, 0x00, 0x00, 0x00,
  0x00, 0x27, 0xff, 0xff, 0xff, 0x4d, 0x00, 0x7f, 0xff, 0xff, 0xff, 0x61,
  0x00, 0x00, 0x00, 0x27, 0xff, 0xff, 0xff, 0x03, 0x00, 0x05, 0xd1, 0xff,
  0xff, 0xef, 0x1a, 0x00, 0x00, 0x27, 0xff, 0xff, 0xff, 0x03, 0x00, 0x00,
  0x33, 0xfc, 0xff, 0xff, 0xb2, 0x00, 0x00, 0x27, 0xff, 0xff, 0xff, 0x03,
  0x00, 0x00, 0x00, 0x87, 0xff, 0xff, 0xff, 0x5a, 0x00, 0x27, 0xff, 0xff,
  0xff, 0x03, 0x00, 0x00, 0x00, 0x08, 0xd7, 0xff, 0xff, 0xec, 0x16, 0x27,
  0xff, 0xff, 0xff, 0x03, 0x00, 0x00, 0x00, 0x00, 0x3a, 0xfd, 0xff, 0xff,
  0xab, 0x44, 0xe7, 0xe7, 0xe7, 0x00, 0x00, 0x00, 0x00, 0x00, 0x00, 0x00,
  0x00, 0x4b, 0xff, 0xff, 0xff, 0x00, 0x00, 0x00, 0x00, 0x00, 0x00, 0x00,
  0x00, 0x4b, 0xff, 0xff, 0xff, 0x00, 0x00, 0x00, 0x00, 0x00, 0x00, 0x00,
  0x00, 0x4b, 0xff, 0xff, 0xff, 0x00, 0x00, 0x00, 0x00, 0x00, 0x00, 0x00,
  0x00, 0x4b, 0xff, 0xff, 0xff, 0x00, 0x00, 0x00, 0x00, 0x00, 0x00, 0x00,
  0x00, 0x4b, 0xff, 0xff, 0xff, 0x00, 0x00, 0x00, 0x00, 0x00, 0x00, 0x00,
  0x00, 0x4b, 0xff, 0xff, 0xff, 0x00, 0x00, 0x00, 0x00, 0x00, 0x00, 0x00,
  0x00, 0x4b, 0xff, 0xff, 0xff, 0x00, 0x00, 0x00, 0x00, 0x00, 0x00, 0x00,
  0x00, 0x4b, 0xff, 0xff, 0xff, 0x00, 0x00, 0x00, 0x00, 0x00, 0x00, 0x00,
  0x00, 0x4b, 0xff, 0xff, 0xff, 0x00, 0x00, 0x00, 0x00, 0x00, 0x00, 0x00,
  0x00, 0x4b, 0xff, 0xff, 0xff, 0x00, 0x00, 0x00, 0x00, 0x00, 0x00, 0x00,
  0x00, 0x4b, 0xff, 0xff, 0xff, 0x00, 0x00, 0x00, 0x00, 0x00, 0x00, 0x00,
  0x00, 0x4b, 0xff, 0xff, 0xff, 0x00, 0x00, 0x00, 0x00, 0x00, 0x00, 0x00,
  0x00, 0x4b, 0xff, 0xff, 0xff, 0x00, 0x00, 0x00, 0x00, 0x00, 0x00, 0x00,
  0x00, 0x4b, 0xff, 0xff, 0xff, 0xef, 0xef, 0xef, 0xef, 0xef, 0xef, 0xef,
  0x61, 0x4b, 0xff, 0xff, 0xff, 0xff, 0xff, 0xff, 0xff, 0xff, 0xff, 0xff,
  0x67, 0x4b, 0xff, 0xff, 0xff, 0xff, 0xff, 0xff, 0xff, 0xff, 0xff, 0xff,
  0x67, 0xd5, 0xe7, 0xe7, 0x9c, 0x00, 0x00, 0x00, 0x00, 0x00, 0xc8, 0xe7,
  0xe7, 0xad, 0xeb, 0xff, 0xff, 0xee, 0x03, 0x00, 0x00, 0x00, 0x22, 0xff,
  0xff, 0xff, 0xbf, 0xeb, 0xff, 0xff, 0xff, 0x3b, 0x00, 0x00, 0x00, 0x6b,
  0xff, 0xff, 0xff, 0xbf, 0xeb, 0xff, 0xff, 0xff, 0x84, 0x00, 0x00, 0x00,
  0xb3, 0xff, 0xff, 0xff, 0xbf, 0xeb, 0xff, 0xe7, 0xff, 0xcd, 0x00, 0x00,
  0x07, 0xf4, 0xff, 0xe7, 0xff, 0xbf, 0xeb, 0xff, 0x91, 0xfa, 0xfe, 0x17,
  0x00, 0x45, 0xff, 0xdd, 0xae, 0xff, 0xbf, 0xeb, 0xff, 0x90, 0xbc, 0xff,
  0x5f, 0x00, 0x8d, 0xff, 0x8e, 0xbd, 0xff, 0xbf, 0xeb, 0xff, 0xa0, 0x6d,
  0xff, 0xa8, 0x00, 0xd6, 0xff, 0x3e, 0xcd, 0xff, 0xbf, 0xeb, 0xff, 0xb0,
  0x1e, 0xff, 0xee, 0x22, 0xff, 0xec, 0x03, 0xdd, 0xff, 0xbf, 0xeb, 0xff,
  0xc0, 0x00, 0xcf, 0xff, 0xaa, 0xff, 0x9f, 0x00, 0xed, 0xff, 0xbf, 0xeb,
  0xff, 0xd0, 0x00, 0x80, 0xff, 0xff, 0xff, 0x50, 0x00, 0xfc, 0xff, 0xbf,
  0xeb, 0xff, 0xde, 0x00, 0x31, 0xff, 0xff, 0xf6, 0x0a, 0x0a, 0xff, 0xff,
  0xbf, 0xeb, 0xff, 0xdf, 0x00, 0x00, 0xe1, 0xff, 0xb1, 0x00, 0x0b, 0xff,
  0xff, 0xbf, 0xeb, 0xff, 0xdf, 0x00, 0x00, 0x05, 0x07, 0x04, 0x00, 0x0b,
  0xff, 0xff, 0xbf, 0xeb, 0xff, 0xdf, 0x00, 0x00, 0x00, 0x00, 0x00, 0x00,
  0x0b, 0xff, 0xff, 0xbf, 0xeb, 0xff, 0xdf, 0x00, 0x00, 0x00, 0x00, 0x00,
  0x00, 0x0b, 0xff, 0xff, 0xbf, 0xeb, 0xff, 0xdf, 0x00, 0x00, 0x00, 0x00,
  0x00, 0x00, 0x0b, 0xff, 0xff, 0xbf, 0x77, 0xe7, 0xe7, 0x9f, 0x00, 0x00,
  0x00, 0x00, 0x00, 0x7e, 0xe7, 0xe7, 0x4f, 0x83, 0xff, 0xff, 0xfe, 0x2f,
  0x00, 0x00, 0x00, 0x00, 0x8b, 0xff, 0xff, 0x57, 0x83, 0xff, 0xff, 0xff,
  0xb1, 0x00, 0x00, 0x00, 0x00, 0x8b, 0xff, 0xff, 0x57, 0x83, 0xff, 0xff,
  0xff, 0xff, 0x37, 0x00, 0x00, 0x00, 0x8b, 0xff, 0xff, 0x57, 0x83, 0xff,
  0xff, 0xff, 0xff, 0xba, 0x00, 0x00, 0x00, 0x8b, 0xff, 0xff, 0x57, 0x83,
  0xff, 0xff, 0xea, 0xff, 0xff, 0x3f, 0x00, 0x00, 0x8b, 0xff, 0xff, 0x57,
  0x83, 0xff, 0xff, 0x70, 0xf2, 0xff, 0xc4, 0x00, 0x00, 0x8b, 0xff, 0xff,
  0x57, 0x83, 0xff, 0xff, 0x5b, 0x82, 0xff, 0xff, 0x48, 0x00, 0x8b, 0xff,
  0xff, 0x57, 0x83, 0xff, 0xff, 0x5b, 0x0f, 0xee, 0xff, 0xcc, 0x00, 0x8b,
  0xff, 0xff, 0x57, 0x83, 0xff, 0xff, 0x5b, 0x00, 0x7a, 0xff, 0xff, 0x51,
  0x8b, 0xff, 0xff, 0x57, 0x83, 0xff, 0xff, 0x5b, 0x00, 0x0c, 0xea, 0xff,
  0xd3, 0x8e, 0xff, 0xff, 0x57, 0x83, 0xff, 0xff, 0x5b, 0x00, 0x00, 0x72,
  0xff, 0xff, 0xe9, 0xff, 0xff, 0x57, 0x83, 0xff, 0xff, 0x5b, 0x00, 0x00,
  0x08, 0xe5, 0xff, 0xff, 0xff, 0xff, 0x57, 0x83, 0xff, 0xff, 0x5b, 0x00,
  0x00, 0x00, 0x6a, 0xff, 0xff, 0xff, 0xff, 0x57, 0x83, 0xff, 0xff, 0x5b,
  0x00, 0x00, 0x00, 0x06, 0xe0, 0xff, 0xff, 0xff, 0x57, 0x83, 0xff, 0xff,
  0x5b, 0x00, 0x00, 0x00, 0x00, 0x62, 0xff, 0xff, 0xff, 0x57, 0x83, 0xff,
  0xff, 0x5b, 0x00, 0x00, 0x00, 0x00, 0x04, 0xda, 0xff, 0xff, 0x57, 0x00,
  0x00, 0x00, 0x00, 0x00, 0x07, 0x29, 0x39, 0x25, 0x02, 0x00, 0x00, 0x00,
  0x00, 0x00, 0x00, 0x00, 0x0a, 0x95, 0xf3, 0xff, 0xff, 0xff, 0xea, 0x77,
  0x02, 0x00, 0x00, 0x00, 0x00, 0x28, 0xd7, 0xff, 0xff, 0xff, 0xff, 0xff,
  0xff, 0xff, 0xbe, 0x14, 0x00, 0x00, 0x00, 0xc5, 0xff, 0xff, 0xff, 0xe6,
  0xc2, 0xef, 0xff, 0xff, 0xff, 0x98, 0x00, 0x00, 0x52, 0xff, 0xff, 0xff,
  0x80, 0x00, 0x00, 0x06, 0xa7, 0xff, 0xff, 0xfc, 0x28, 0x00, 0xb4, 0xff,
  0xff, 0xd2, 0x00, 0x00, 0x00, 0x00, 0x0d, 0xf3, 0xff, 0xff, 0x86, 0x00,
  0xd8, 0xff, 0xff, 0x7d, 0x00, 0x00, 0x00, 0x00, 0x00, 0xaa, 0xff, 0xff,
  0xab, 0x03, 0xf9, 0xff, 0xff, 0x5f, 0x00, 0x00, 0x00, 0x00, 0x00, 0x8c,
  0xff, 0xff, 0xcf, 0x16, 0xff, 0xff, 0xff, 0x4d, 0x00, 0x00, 0x00, 0x00,
  0x00, 0x79, 0xff, 0xff, 0xea, 0x17, 0xff, 0xff, 0xff, 0x4b, 0x00, 0x00,
  0x00, 0x00, 0x00, 0x77, 0xff, 0xff, 0xeb, 0x17, 0xff, 0xff, 0xff, 0x4c,
  0x00, 0x00, 0x00, 0x00, 0x00, 0x78, 0xff, 0xff, 0xeb, 0x04, 0xfb, 0xff,
  0xff, 0x5c, 0x00, 0x00, 0x00, 0x00, 0x00, 0x89, 0xff, 0xff, 0xd3, 0x00,
  0xdc, 0xff, 0xff, 0x78, 0x00, 0x00, 0x00, 0x00, 0x00, 0xa5, 0xff, 0xff,
  0xae, 0x00, 0xb8, 0xff, 0xff, 0xc6, 0x00, 0x00, 0x00, 0x00, 0x08, 0xec,
  0xff, 0xff, 0x8a, 0x00, 0x60, 0xff, 0xff, 0xff, 0x65, 0x00, 0x00, 0x01,
  0x91, 0xff, 0xff, 0xfe, 0x34, 0x00, 0x02, 0xd2, 0xff, 0xff, 0xff, 0xcd,
  0xa9, 0xda, 0xff, 0xff, 0xff, 0xa7, 0x00, 0x00, 0x00, 0x36, 0xe7, 0xff,
  0xff, 0xff, 0xff, 0xff, 0xff, 0xff, 0xd2, 0x1d, 0x00, 0x00, 0x00, 0x00,
  0x15, 0xaf, 0xfe, 0xff, 0xff, 0xff, 0xf9, 0x92, 0x08, 0x00, 0x00, 0x00,
  0x00, 0x00, 0x00, 0x00, 0x16, 0x44, 0x52, 0x3f, 0x0d, 0x00, 0x00, 0x00,
  0x00, 0x3d, 0xe7, 0xe7, 0xe7, 0xe7, 0xe7, 0xe7, 0xce, 0xa3, 0x5e, 0x01,
  0x00, 0x00, 0x43, 0xff, 0xff, 0xff, 0xff, 0xff, 0xff, 0xff, 0xff, 0xff,
  0xc1, 0x1a, 0x00, 0x43, 0xff, 0xff, 0xff, 0xd6, 0xd3, 0xe2, 0xfd, 0xff,
  0xff, 0xff, 0xb2, 0x00, 0x43, 0xff, 0xff, 0xff, 0x0f, 0x00, 0x00, 0x13,
  0xa3, 0xff, 0xff, 0xff, 0x45, 0x43, 0xff, 0xff, 0xff, 0x0f, 0x00, 0x00,
  0x00, 0x07, 0xe4, 0xff, 0xff, 0x7e, 0x43, 0xff, 0xff, 0xff, 0x0f, 0x00,
  0x00, 0x00, 0x00, 0xb3, 0xff, 0xff, 0xaa, 0x43, 0xff, 0xff, 0xff, 0x0f,
  0x00, 0x00, 0x00, 0x00, 0xbd, 0xff, 0xff, 0x9f, 0x43, 0xff, 0xff, 0xff,
  0x0f, 0x00, 0x00, 0x00, 0x1a, 0xf2, 0xff, 0xff, 0x72, 0x43, 0xff, 0xff,
  0xff, 0x2a, 0x1b, 0x29, 0x57, 0xd5, 0xff, 0xff, 0xfa, 0x2a, 0x43, 0xff,
  0xff, 0xff, 0xff, 0xff, 0xff, 0xff, 0xff, 0xff, 0xff, 0x7f, 0x00, 0x43,
  0xff, 0xff, 0xff, 0xff, 0xff, 0xff, 0xff, 0xff, 0xf4, 0x76, 0x04, 0x00,
  0x43, 0xff, 0xff, 0xff, 0xa9, 0xa3, 0xa2, 0x85, 0x5b, 0x1b, 0x00, 0x00,
  0x00, 0x43, 0xff, 0xff, 0xff, 0x0f, 0x00, 0x00, 0x00, 0x00, 0x00, 0x00,
  0x00, 0x00, 0x43, 0xff, 0xff, 0xff, 0x0f, 0x00, 0x00, 0x00, 0x00, 0x00,
  0x00, 0x00, 0x00, 0x43, 0xff, 0xff, 0xff, 0x0f, 0x00, 0x00, 0x00, 0x00,
  0x00, 0x00, 0x00, 0x00, 0x43, 0xff, 0xff, 0xff, 0x0f, 0x00, 0x00, 0x00,
  0x00, 0x00, 0x00, 0x00, 0x00, 0x43, 0xff, 0xff, 0xff, 0x0f, 0x00, 0x00,
  0x00, 0x00, 0x00, 0x00, 0x00, 0x00, 0x00, 0x00, 0x00, 0x00, 0x00, 0x07,
  0x29, 0x39, 0x25, 0x02, 0x00, 0x00, 0x00, 0x00, 0x00, 0x00, 0x00, 0x0a,
  0x95, 0xf3, 0xff, 0xff, 0xff, 0xea, 0x77, 0x02, 0x00, 0x00, 0x00, 0x00,
  0x28, 0xd7, 0xff, 0xff, 0xff, 0xff, 0xff, 0xff, 0xff, 0xbe, 0x14, 0x00,
  0x00, 0x00, 0xc5, 0xff, 0xff, 0xff, 0xe6, 0xc2, 0xef, 0xff, 0xff, 0xff,
  0x98, 0x00, 0x00, 0x52, 0xff, 0xff, 0xff, 0x79, 0x00, 0x00, 0x05, 0xa1,
  0xff, 0xff, 0xfc, 0x28, 0x00, 0xb4, 0xff, 0xff, 0xc4, 0x00, 0x00, 0x00,
  0x00, 0x07, 0xeb, 0xff, 0xff, 0x86, 0x00, 0xd8, 0xff, 0xff, 0x6a, 0x00,
  0x00, 0x00, 0x00, 0x00, 0x98, 0xff, 0xff, 0xab, 0x03, 0xf9, 0xff, 0xff,
  0x4b, 0x00, 0x00, 0x00, 0x00, 0x00, 0x78, 0xff, 0xff, 0xcf, 0x16, 0xff,
  0xff, 0xff, 0x36, 0x00, 0x00, 0x00, 0x00, 0x00, 0x62, 0xff, 0xff, 0xea,
  0x17, 0xff, 0xff, 0xff, 0x33, 0x00, 0x00, 0x00, 0x00, 0x00, 0x5f, 0xff,
  0xff, 0xeb, 0x17, 0xff, 0xff, 0xff, 0x34, 0x00, 0x00, 0x00, 0x00, 0x00,
  0x60, 0xff, 0xff, 0xeb, 0x04, 0xfb, 0xff, 0xff, 0x43, 0x00, 0x00, 0x00,
  0x00, 0x00, 0x6c, 0xff, 0xff, 0xdf, 0x00, 0xdc, 0xff, 0xff, 0x5e, 0x00,
  0x34, 0x63, 0x63, 0x3f, 0x87, 0xff, 0xff, 0xc9, 0x00, 0xb8, 0xff, 0xff,
  0xa5, 0x00, 0x24, 0xf8, 0xff, 0xf2, 0xd6, 0xff, 0xff, 0x92, 0x00, 0x60,
  0xff, 0xff, 0xf9, 0x38, 0x00, 0x86, 0xff, 0xff, 0xff, 0xff, 0xff, 0x41,
  0x00, 0x02, 0xd2, 0xff, 0xff, 0xf6, 0x9d, 0x80, 0xfe, 0xff, 0xff, 0xff,
  0xc1, 0x00, 0x00, 0x00, 0x36, 0xe7, 0xff, 0xff, 0xff, 0xff, 0xff, 0xff,
  0xff, 0xfc, 0x1e, 0x00, 0x00, 0x00, 0x00, 0x15, 0xaf, 0xfe, 0xff, 0xff,
  0xff, 0xff, 0xff, 0xff, 0x69, 0x00, 0x00, 0x00, 0x00, 0x00, 0x00, 0x16,
  0x44, 0x50, 0x32, 0x38, 0xfb, 0xff, 0xed, 0x13, 0x00, 0x00, 0x00, 0x00,
  0x00, 0x00, 0x00, 0x00, 0x00, 0x00, 0x83, 0xdb, 0xdb, 0x7a, 0x4c, 0xe7,
  0xe7, 0xe7, 0xe7, 0xe7, 0xe7, 0xcc, 0xa5, 0x64, 0x03, 0x00, 0x00, 0x00,
  0x53, 0xff, 0xff, 0xff, 0xff, 0xff, 0xff, 0xff, 0xff, 0xff, 0xd2, 0x26,
  0x00, 0x00, 0x53, 0xff, 0xff, 0xff, 0xcf, 0xcf, 0xd7, 0xf8, 0xff, 0xff,
  0xff, 0xcb, 0x04, 0x00, 0x53, 0xff, 0xff, 0xfb, 0x00, 0x00, 0x00, 0x0a,
  0x90, 0xff, 0xff, 0xff, 0x5b, 0x00, 0x53, 0xff, 0xff, 0xfb, 0x00, 0x00,
  0x00, 0x00, 0x02, 0xd9, 0xff, 0xff, 0x8d, 0x00, 0x53, 0xff, 0xff, 0xfb,
  0x00, 0x00, 0x00, 0x00, 0x00, 0xaf, 0xff, 0xff, 0xb1, 0x00, 0x53, 0xff,
  0xff, 0xfb, 0x00, 0x00, 0x00, 0x00, 0x01, 0xd8, 0xff, 0xff, 0x98, 0x00,
  0x53, 0xff, 0xff, 0xfb, 0x00, 0x00, 0x00, 0x06, 0x89, 0xff, 0xff, 0xff,
  0x52, 0x00, 0x53, 0xff, 0xff, 0xff, 0xc3, 0xc3, 0xcb, 0xf0, 0xff, 0xff,
  0xff, 0xcb, 0x03, 0x00, 0x53, 0xff, 0xff, 0xff, 0xff, 0xff, 0xff, 0xff,
  0xff, 0xff, 0xc5, 0x18, 0x00, 0x00, 0x53, 0xff, 0xff, 0xff, 0xc7, 0xc7,
  0xe6, 0xff, 0xff, 0xe8, 0x04, 0x00, 0x00, 0x00, 0x53, 0xff, 0xff, 0xfb,
  0x00, 0x00, 0x40, 0xff, 0xff, 0xff, 0x5d, 0x00, 0x00, 0x00, 0x53, 0xff,
  0xff, 0xfb, 0x00, 0x00, 0x00, 0xc6, 0xff, 0xff, 0xda, 0x03, 0x00, 0x00,
  0x53, 0xff, 0xff, 0xfb, 0x00, 0x00, 0x00, 0x4b, 0xff, 0xff, 0xff, 0x5e,
  0x00, 0x00, 0x53, 0xff, 0xff, 0xfb, 0x00, 0x00, 0x00, 0x00, 0xd0, 0xff,
  0xff, 0xdb, 0x03, 0x00, 0x53, 0xff, 0xff, 0xfb, 0x00, 0x00, 0x00, 0x00,
  0x57, 0xff, 0xff, 0xff, 0x5e, 0x00, 0x53, 0xff, 0xff, 0xfb, 0x00, 0x00,
  0x00, 0x00, 0x02, 0xda, 0xff, 0xff, 0xdb, 0x03, 0x00, 0x00, 0x00, 0x00,
  0x00, 0x1a, 0x36, 0x17, 0x00, 0x00, 0x00, 0x00, 0x00, 0x00, 0x00, 0x1a,
  0x9c, 0xf4, 0xff, 0xff, 0xff, 0xf1, 0x8f, 0x14, 0x00, 0x00, 0x00, 0x2f,
  0xf4, 0xff, 0xff, 0xff, 0xff, 0xff, 0xff, 0xff, 0xec, 0x22, 0x00, 0x08,
  0xd8, 0xff, 0xff, 0xf8, 0xaa, 0x8c, 0xae, 0xfb, 0xff, 0xff, 0xcf, 0x03,
  0x3d, 0xff, 0xff, 0xfb, 0x31, 0x00, 0x00, 0x00, 0x39, 0xf9, 0xff, 0xff,
  0x32, 0x6f, 0xff, 0xff, 0xd5, 0x00, 0x00, 0x00, 0x00, 0x00, 0x93, 0xc3,
  0xc3, 0x50, 0x6b, 0xff, 0xff, 0xf5, 0x1b, 0x00, 0x00, 0x00, 0x00, 0x00,
  0x00, 0x00, 0x00, 0x39, 0xff, 0xff, 0xff, 0xe5, 0x73, 0x28, 0x01, 0x00,
  0x00, 0x00, 0x00, 0x00, 0x00, 0xb1, 0xff, 0xff, 0xff, 0xff, 0xff, 0xec,
  0xa9, 0x54, 0x09, 0x00, 0x00, 0x00, 0x0d, 0xa5, 0xff, 0xff, 0xff, 0xff,
  0xff, 0xff, 0xff, 0xdb, 0x39, 0x00, 0x00, 0x00, 0x00, 0x33, 0x8b, 0xd7,
  0xfe, 0xff, 0xff, 0xff, 0xff, 0xf1, 0x1a, 0x00, 0x00, 0x00, 0x00, 0x00,
  0x00, 0x13, 0x59, 0xc2, 0xff, 0xff, 0xff, 0x8b, 0x00, 0x00, 0x00, 0x00,
  0x00, 0x00, 0x00, 0x00, 0x01, 0xc0, 0xff, 0xff, 0xb8, 0x97, 0xbb, 0xbb,
  0x44, 0x00, 0x00, 0x00, 0x00, 0x00, 0x8f, 0xff, 0xff, 0xb1, 0x9a, 0xff,
  0xff, 0xc5, 0x08, 0x00, 0x00, 0x00, 0x11, 0xdd, 0xff, 0xff, 0x7f, 0x45,
  0xfe, 0xff, 0xff, 0xe1, 0x8c, 0x73, 0x8e, 0xe7, 0xff, 0xff, 0xf8, 0x2d,
  0x00, 0x83, 0xff, 0xff, 0xff, 0xff, 0xff, 0xff, 0xff, 0xff, 0xff, 0x69,
  0x00, 0x00, 0x00, 0x4f, 0xd0, 0xff, 0xff, 0xff, 0xff, 0xff, 0xc4, 0x3d,
  0x00, 0x00, 0x00, 0x00, 0x00, 0x00, 0x15, 0x37, 0x4f, 0x33, 0x0f, 0x00,
  0x00, 0x00, 0x00, 0x15, 0xe7, 0xe7, 0xe7, 0xe7, 0xe7, 0xe7, 0xe7, 0xe7,
  0xe7, 0xe7, 0xe7, 0xe7, 0xd5, 0x17, 0xff, 0xff, 0xff, 0xff, 0xff, 0xff,
  0xff, 0xff, 0xff, 0xff, 0xff, 0xff, 0xeb, 0x17, 0xf7, 0xf7, 0xf7, 0xf7,
  0xf9, 0xff, 0xff, 0xff, 0xf8, 0xf7, 0xf7, 0xf7, 0xe4, 0x00, 0x00, 0x00,
  0x00, 0x00, 0x3f, 0xff, 0xff, 0xff, 0x13, 0x00, 0x00, 0x00, 0x00, 0x00,
  0x00, 0x00, 0x00, 0x00, 0x3f, 0xff, 0xff, 0xff, 0x13, 0x00, 0x00, 0x00,
  0x00, 0x00, 0x00, 0x00, 0x00, 0x00, 0x3f, 0xff, 0xff, 0xff, 0x13, 0x00,
  0x00, 0x00, 0x00, 0x00, 0x00, 0x00, 0x00, 0x00, 0x3f, 0xff, 0xff, 0xff,
  0x13, 0x00, 0x00, 0x00, 0x00, 0x00, 0x00, 0x00, 0x00, 0x00, 0x3f, 0xff,
  0xff, 0xff, 0x13, 0x00, 0x00, 0x00, 0x00, 0x00, 0x00, 0x00, 0x00, 0x00,
  0x3f, 0xff, 0xff, 0xff, 0x13, 0x00, 0x00, 0x00, 0x00, 0x00, 0x00, 0x00,
  0x00, 0x00, 0x3f, 0xff, 0xff, 0xff, 0x13, 0x00, 0x00, 0x00, 0x00, 0x00,
  0x00, 0x00, 0x00, 0x00, 0x3f, 0xff, 0xff, 0xff, 0x13, 0x00, 0x00, 0x00,
  0x00, 0x00, 0x00, 0x00, 0x00, 0x00, 0x3f, 0xff, 0xff, 0xff, 0x13, 0x00,
  0x00, 0x00, 0x00, 0x00, 0x00, 0x00, 0x00, 0x00, 0x3f, 0xff, 0xff, 0xff,
  0x13, 0x00, 0x00, 0x00, 0x00, 0x00, 0x00, 0x00, 0x00, 0x00, 0x3f, 0xff,
  0xff, 0xff, 0x13, 0x00, 0x00, 0x00, 0x00, 0x00, 0x00, 0x00, 0x00, 0x00,
  0x3f, 0xff, 0xff, 0xff, 0x13, 0x00, 0x00, 0x00, 0x00, 0x00, 0x00, 0x00,
  0x00, 0x00, 0x3f, 0xff, 0xff, 0xff, 0x13, 0x00, 0x00, 0x00, 0x00, 0x00,
  0x00, 0x00, 0x00, 0x00, 0x3f, 0xff, 0xff, 0xff, 0x13, 0x00, 0x00, 0x00,
  0x00, 0xca, 0xe7, 0xe7, 0x69, 0x00, 0x00, 0x00, 0x00, 0x00, 0x94, 0xe7,
  0xe7, 0xa3, 0xdf, 0xff, 0xff, 0x73, 0x00, 0x00, 0x00, 0x00, 0x00, 0xa3,
  0xff, 0xff, 0xb3, 0xdf, 0xff, 0xff, 0x73, 0x00, 0x00, 0x00, 0x00, 0x00,
  0xa3, 0xff, 0xff, 0xb3, 0xdf, 0xff, 0xff, 0x73, 0x00, 0x00, 0x00, 0x00,
  0x00, 0xa3, 0xff, 0xff, 0xb3, 0xdf, 0xff, 0xff, 0x73, 0x00, 0x00, 0x00,
  0x00, 0x00, 0xa3, 0xff, 0xff, 0xb3, 0xdf, 0xff, 0xff, 0x73, 0x00, 0x00,
  0x00, 0x00, 0x00, 0xa3, 0xff, 0xff, 0xb3, 0xdf, 0xff, 0xff, 0x73, 0x00,
  0x00, 0x00, 0x00, 0x00, 0xa3, 0xff, 0xff, 0xb3, 0xdf, 0xff, 0xff, 0x73,
  0x00, 0x00, 0x00, 0x00, 0x00, 0xa3, 0xff, 0xff, 0xb3, 0xdf, 0xff, 0xff,
  0x73, 0x00, 0x00, 0x00, 0x00, 0x00, 0xa3, 0xff, 0xff, 0xb3, 0xdf, 0xff,
  0xff, 0x73, 0x00, 0x00, 0x00, 0x00, 0x00, 0xa3, 0xff, 0xff, 0xb3, 0xdf,
  0xff, 0xff, 0x74, 0x00, 0x00, 0x00, 0x00, 0x00, 0xa4, 0xff, 0xff, 0xb3,
  0xcc, 0xff, 0xff, 0x8a, 0x00, 0x00, 0x00, 0x00, 0x00, 0xbb, 0xff, 0xff,
  0x9f, 0xa4, 0xff, 0xff, 0xc1, 0x00, 0x00, 0x00, 0x00, 0x08, 0xe9, 0xff,
  0xff, 0x76, 0x75, 0xff, 0xff, 0xff, 0x63, 0x00, 0x00, 0x02, 0x8f, 0xff,
  0xff, 0xff, 0x48, 0x0e, 0xe5, 0xff, 0xff, 0xff, 0xd3, 0xb3, 0xdf, 0xff,
  0xff, 0xff, 0xc4, 0x01, 0x00, 0x4e, 0xf9, 0xff, 0xff, 0xff, 0xff, 0xff,
  0xff, 0xff, 0xed, 0x2b, 0x00, 0x00, 0x00, 0x28, 0xbe, 0xfe, 0xff, 0xff,
  0xff, 0xfb, 0xa4, 0x16, 0x00, 0x00, 0x00, 0x00, 0x00, 0x00, 0x0b, 0x33,
  0x4d, 0x2b, 0x06, 0x00, 0x00, 0x00, 0x00, 0x71, 0xe7, 0xe7, 0xe7, 0x13,
  0x00, 0x00, 0x00, 0x00, 0x00, 0x06, 0xe0, 0xe7, 0xe7, 0x49, 0x34, 0xff,
  0xff, 0xff, 0x53, 0x00, 0x00, 0x00, 0x00, 0x00, 0x3d, 0xff, 0xff, 0xf9,
  0x0d, 0x01, 0xe6, 0xff, 0xff, 0x95, 0x00, 0x00, 0x00, 0x00, 0x00, 0x80,
  0xff, 0xff, 0xba, 0x00, 0x00, 0x9b, 0xff, 0xff, 0xd6, 0x00, 0x00, 0x00,
  0x00, 0x00, 0xc2, 0xff, 0xff, 0x6d, 0x00, 0x00, 0x4e, 0xff, 0xff, 0xff,
  0x19, 0x00, 0x00, 0x00, 0x0b, 0xfa, 0xff, 0xff, 0x21, 0x00, 0x00, 0x0a,
  0xf7, 0xff, 0xff, 0x59, 0x00, 0x00, 0x00, 0x47, 0xff, 0xff, 0xd3, 0x00,
  0x00, 0x00, 0x00, 0xb5, 0xff, 0xff, 0x9b, 0x00, 0x00, 0x00, 0x8a, 0xff,
  0xff, 0x86, 0x00, 0x00, 0x00, 0x00, 0x68, 0xff, 0xff, 0xdd, 0x00, 0x00,
  0x00, 0xcc, 0xff, 0xff, 0x39, 0x00, 0x00, 0x00, 0x00, 0x1c, 0xff, 0xff,
  0xff, 0x1f, 0x00, 0x11, 0xfd, 0xff, 0xea, 0x02, 0x00, 0x00, 0x00, 0x00,
  0x00, 0xcf, 0xff, 0xff, 0x60, 0x00, 0x51, 0xff, 0xff, 0xa0, 0x00, 0x00,
  0x00, 0x00, 0x00, 0x00, 0x82, 0xff, 0xff, 0xa2, 0x00, 0x94, 0xff, 0xff,
  0x53, 0x00, 0x00, 0x00, 0x00, 0x00, 0x00, 0x35, 0xff, 0xff, 0xe3, 0x00,
  0xd6, 0xff, 0xf9, 0x0d, 0x00, 0x00, 0x00, 0x00, 0x00, 0x00, 0x01, 0xe7,
  0xff, 0xff, 0x3f, 0xff, 0xff, 0xb9, 0x00, 0x00, 0x00, 0x00, 0x00, 0x00,
  0x00, 0x00, 0x9c, 0xff, 0xff, 0xc7, 0xff, 0xff, 0x6c, 0x00, 0x00, 0x00,
  0x00, 0x00, 0x00, 0x00, 0x00, 0x4f, 0xff, 0xff, 0xff, 0xff, 0xff, 0x20,
  0x00, 0x00, 0x00, 0x00, 0x00, 0x00, 0x00, 0x00, 0x0b, 0xf7, 0xff, 0xff,
  0xff, 0xd2, 0x00, 0x00, 0x00, 0x00, 0x00, 0x00, 0x00, 0x00, 0x00, 0x00,
  0xb6, 0xff, 0xff, 0xff, 0x85, 0x00, 0x00, 0x00, 0x00, 0x00, 0xd7, 0xe7,
  0xe7, 0x0f, 0x00, 0x00, 0x00, 0x00, 0x00, 0x00, 0x00, 0x38, 0xe7, 0xe7,
  0xaf, 0xc8, 0xff, 0xff, 0x2d, 0x00, 0x00, 0x00, 0x00, 0x00, 0x00, 0x00,
  0x5a, 0xff, 0xff, 0x9b, 0xa0, 0xff, 0xff, 0x4b, 0x00, 0x00, 0x00, 0x00,
  0x00, 0x00, 0x00, 0x78, 0xff, 0xff, 0x73, 0x78, 0xff, 0xff, 0x69, 0x00,
  0x00, 0x07, 0x07, 0x05, 0x00, 0x00, 0x96, 0xff, 0xff, 0x4b, 0x50, 0xff,
  0xff, 0x87, 0x00, 0x02, 0xf6, 0xff, 0xcb, 0x00, 0x00, 0xb4, 0xff, 0xff,
  0x23, 0x29, 0xff, 0xff, 0xa6, 0x00, 0x27, 0xff, 0xff, 0xf7, 0x03, 0x00,
  0xd2, 0xff, 0xf9, 0x03, 0x05, 0xfb, 0xff, 0xc1, 0x00, 0x56, 0xff, 0xff,
  0xff, 0x28, 0x00, 0xee, 0xff, 0xd4, 0x00, 0x00, 0xd9, 0xff, 0xda, 0x00,
  0x85, 0xff, 0xa8, 0xff, 0x56, 0x09, 0xff, 0xff, 0xac, 0x00, 0x00, 0xb1,
  0xff, 0xf4, 0x00, 0xb4, 0xff, 0x4c, 0xff, 0x84, 0x22, 0xff, 0xff, 0x84,
  0x00, 0x00, 0x8a, 0xff, 0xff, 0x0d, 0xe2, 0xdf, 0x10, 0xff, 0xb3, 0x3b,
  0xff, 0xff, 0x5d, 0x00, 0x00, 0x62, 0xff, 0xff, 0x38, 0xff, 0xb2, 0x00,
  0xe1, 0xe1, 0x55, 0xff, 0xff, 0x35, 0x00, 0x00, 0x3a, 0xff, 0xff, 0x7f,
  0xff, 0x85, 0x00, 0xb4, 0xff, 0x80, 0xff, 0xff, 0x0e, 0x00, 0x00, 0x13,
  0xff, 0xff, 0xd5, 0xff, 0x57, 0x00, 0x86, 0xff, 0xd5, 0xff, 0xe5, 0x00,
  0x00, 0x00, 0x00, 0xeb, 0xff, 0xff, 0xff, 0x2a, 0x00, 0x58, 0xff, 0xff,
  0xff, 0xbe, 0x00, 0x00, 0x00, 0x00, 0xc3, 0xff, 0xff, 0xf8, 0x04, 0x00,
  0x2a, 0xff, 0xff, 0xff, 0x96, 0x00, 0x00, 0x00, 0x00, 0x9b, 0xff, 0xff,
  0xcf, 0x00, 0x00, 0x04, 0xf8, 0xff, 0xff, 0x6e, 0x00, 0x00, 0x00, 0x00,
  0x73, 0xff, 0xff, 0xa2, 0x00, 0x00, 0x00, 0xce, 0xff, 0xff, 0x47, 0x00,
  0x00, 0x52, 0xe7, 0xe7, 0xe7, 0x42, 0x00, 0x00, 0x00, 0x00, 0x00, 0x3b,
  0xe7, 0xe7, 0xe6, 0x2e, 0x01, 0xc8, 0xff, 0xff, 0xcf, 0x02, 0x00, 0x00,
  0x00, 0x01, 0xc9, 0xff, 0xff, 0x9b, 0x00, 0x00, 0x33, 0xfd, 0xff, 0xff,
  0x60, 0x00, 0x00, 0x00, 0x5b, 0xff, 0xff, 0xec, 0x13, 0x00, 0x00, 0x00,
  0x98, 0xff, 0xff, 0xe5, 0x0b, 0x00, 0x09, 0xe2, 0xff, 0xff, 0x62, 0x00,
  0x00, 0x00, 0x00, 0x13, 0xec, 0xff, 0xff, 0x7f, 0x00, 0x7b, 0xff, 0xff,
  0xc5, 0x01, 0x00, 0x00, 0x00, 0x00, 0x00, 0x67, 0xff, 0xff, 0xf5, 0x32,
  0xf3, 0xff, 0xfb, 0x2e, 0x00, 0x00, 0x00, 0x00, 0x00, 0x00, 0x02, 0xcc,
  0xff, 0xff, 0xf6, 0xff, 0xff, 0x8c, 0x00, 0x00, 0x00, 0x00, 0x00, 0x00,
  0x00, 0x00, 0x38, 0xfe, 0xff, 0xff, 0xff, 0xe4, 0x0c, 0x00, 0x00, 0x00,
  0x00, 0x00, 0x00, 0x00, 0x00, 0x00, 0xc6, 0xff, 0xff, 0xff, 0x76, 0x00,
  0x00, 0x00, 0x00, 0x00, 0x00, 0x00, 0x00, 0x00, 0x3a, 0xfe, 0xff, 0xff,
  0xff, 0xdd, 0x08, 0x00, 0x00, 0x00, 0x00, 0x00, 0x00, 0x00, 0x02, 0xcd,
  0xff, 0xff, 0xff, 0xff, 0xff, 0x80, 0x00, 0x00, 0x00, 0x00, 0x00, 0x00,
  0x00, 0x67, 0xff, 0xff, 0xed, 0x82, 0xff, 0xff, 0xf7, 0x23, 0x00, 0x00,
  0x00, 0x00, 0x00, 0x11, 0xeb, 0xff, 0xff, 0x66, 0x03, 0xcf, 0xff, 0xff,
  0xb6, 0x00, 0x00, 0x00, 0x00, 0x00, 0x94, 0xff, 0xff, 0xcb, 0x02, 0x00,
  0x39, 0xfe, 0xff, 0xff, 0x51, 0x00, 0x00, 0x00, 0x2e, 0xfc, 0xff, 0xfd,
  0x35, 0x00, 0x00, 0x00, 0x9d, 0xff, 0xff, 0xe1, 0x0a, 0x00, 0x00, 0xc1,
  0xff, 0xff, 0x99, 0x00, 0x00, 0x00, 0x00, 0x15, 0xee, 0xff, 0xff, 0x87,
  0x00, 0x58, 0xff, 0xff, 0xed, 0x13, 0x00, 0x00, 0x00, 0x00, 0x00, 0x69,
  0xff, 0xff, 0xfa, 0x28, 0x66, 0xe7, 0xe7, 0xe6, 0x20, 0x00, 0x00, 0x00,
  0x00, 0x00, 0x47, 0xe7, 0xe7, 0xe7, 0x3e, 0x0b, 0xea, 0xff, 0xff, 0x94,
  0x00, 0x00, 0x00, 0x00, 0x00, 0xc1, 0xff, 0xff, 0xc8, 0x00, 0x00, 0x73,
  0xff, 0xff, 0xf6, 0x16, 0x00, 0x00, 0x00, 0x3a, 0xff, 0xff, 0xff, 0x46,
  0x00, 0x00, 0x09, 0xe7, 0xff, 0xff, 0x85, 0x00, 0x00, 0x00, 0xb2, 0xff,
  0xff, 0xc4, 0x00, 0x00, 0x00, 0x00, 0x6e, 0xff, 0xff, 0xf0, 0x0e, 0x00,
  0x2c, 0xfe, 0xff, 0xff, 0x41, 0x00, 0x00, 0x00, 0x00, 0x08, 0xe4, 0xff,
  0xff, 0x76, 0x00, 0xa3, 0xff, 0xff, 0xc0, 0x00, 0x00, 0x00, 0x00, 0x00,
  0x00, 0x6a, 0xff, 0xff, 0xe7, 0x28, 0xfb, 0xff, 0xff, 0x3e, 0x00, 0x00,
  0x00, 0x00, 0x00, 0x00, 0x06, 0xe2, 0xff, 0xff, 0xe6, 0xff, 0xff, 0xbb,
  0x00, 0x00, 0x00, 0x00, 0x00, 0x00, 0x00, 0x00, 0x66, 0xff, 0xff, 0xff,
  0xff, 0xff, 0x3a, 0x00, 0x00, 0x00, 0x00, 0x00, 0x00, 0x00, 0x00, 0x05,
  0xdf, 0xff, 0xff, 0xff, 0xb7, 0x00, 0x00, 0x00, 0x00, 0x00, 0x00, 0x00,
  0x00, 0x00, 0x00, 0x66, 0xff, 0xff, 0xff, 0x39, 0x00, 0x00, 0x00, 0x00,
  0x00, 0x00, 0x00, 0x00, 0x00, 0x00, 0x3f, 0xff, 0xff, 0xff, 0x13, 0x00,
  0x00, 0x00, 0x00, 0x00, 0x00, 0x00, 0x00, 0x00, 0x00, 0x3f, 0xff, 0xff,
  0xff, 0x13, 0x00, 0x00, 0x00, 0x00, 0x00, 0x00, 0x00, 0x00, 0x00, 0x00,
  0x3f, 0xff, 0xff, 0xff, 0x13, 0x00, 0x00, 0x00, 0x00, 0x00, 0x00, 0x00,
  0x00, 0x00, 0x00, 0x3f, 0xff, 0xff, 0xff, 0x13, 0x00, 0x00, 0x00, 0x00,
  0x00, 0x00, 0x00, 0x00, 0x00, 0x00, 0x3f, 0xff, 0xff, 0xff, 0x13, 0x00,
  0x00, 0x00, 0x00, 0x00, 0x00, 0x00, 0x00, 0x00, 0x00, 0x3f, 0xff, 0xff,
  0xff, 0x13, 0x00, 0x00, 0x00, 0x00, 0x00, 0x39, 0xe7, 0xe7, 0xe7, 0xe7,
  0xe7, 0xe7, 0xe7, 0xe7, 0xe7, 0xe7, 0xe7, 0x4f, 0x3f, 0xff, 0xff, 0xff,
  0xff, 0xff, 0xff, 0xff, 0xff, 0xff, 0xff, 0xff, 0x57, 0x3d, 0xf7, 0xf7,
  0xf7, 0xf7, 0xf7, 0xf7, 0xf7, 0xfd, 0xff, 0xff, 0xfe, 0x37, 0x00, 0x00,
  0x00, 0x00, 0x00, 0x00, 0x00, 0x11, 0xe8, 0xff, 0xff, 0x97, 0x00, 0x00,
  0x00, 0x00, 0x00, 0x00, 0x00, 0x00, 0xa2, 0xff, 0xff, 0xe1, 0x0d, 0x00,
  0x00, 0x00, 0x00, 0x00, 0x00, 0x00, 0x4d, 0xff, 0xff, 0xff, 0x45, 0x00,
  0x00, 0x00, 0x00, 0x00, 0x00, 0x00, 0x11, 0xe6, 0xff, 0xff, 0x99, 0x00,
  0x00, 0x00, 0x00, 0x00, 0x00, 0x00, 0x00, 0xa2, 0xff, 0xff, 0xe1, 0x0d,
  0x00, 0x00, 0x00, 0x00, 0x00, 0x00, 0x00, 0x4c, 0xff, 0xff, 0xff, 0x46,
  0x00, 0x00, 0x00, 0x00, 0x00, 0x00, 0x00, 0x11, 0xe5, 0xff, 0xff, 0x9a,
  0x00, 0x00, 0x00, 0x00, 0x00, 0x00, 0x00, 0x00, 0xa2, 0xff, 0xff, 0xe2,
  0x0e, 0x00, 0x00, 0x00, 0x00, 0x00, 0x00, 0x00, 0x4c, 0xff, 0xff, 0xff,
  0x47, 0x00, 0x00, 0x00, 0x00, 0x00, 0x00, 0x00, 0x11, 0xe5, 0xff, 0xff,
  0x9b, 0x00, 0x00, 0x00, 0x00, 0x00, 0x00, 0x00, 0x00, 0xa1, 0xff, 0xff,
  0xe3, 0x0e, 0x00, 0x00, 0x00, 0x00, 0x00, 0x00, 0x00, 0x46, 0xff, 0xff,
  0xff, 0xf3, 0xdb, 0xdb, 0xdb, 0xdb, 0xdb, 0xdb, 0xdb, 0x78, 0x73, 0xff,
  0xff, 0xff, 0xff, 0xff, 0xff, 0xff, 0xff, 0xff, 0xff, 0xff, 0x8b, 0x73,
  0xff, 0xff, 0xff, 0xff, 0xff, 0xff, 0xff, 0xff, 0xff, 0xff, 0xff, 0x8b,
  0x0f, 0x7b, 0x7b, 0x7b, 0x7b, 0x7b, 0x7b, 0x7b, 0x1b, 0x1f, 0xff, 0xff,
  0xff, 0xff, 0xff, 0xff, 0xff, 0x37, 0x1f, 0xff, 0xff, 0xff, 0xff, 0xff,
  0xff, 0xff, 0x37, 0x1f, 0xff, 0xff, 0xff, 0x26, 0x17, 0x17, 0x17, 0x05,
  0x1f, 0xff, 0xff, 0xff, 0x0f, 0x00, 0x00, 0x00, 0x00, 0x1f, 0xff, 0xff,
  0xff, 0x0f, 0x00, 0x00, 0x00, 0x00, 0x1f, 0xff, 0xff, 0xff, 0x0f, 0x00,
  0x00, 0x00, 0x00, 0x1f, 0xff, 0xff, 0xff, 0x0f, 0x00, 0x00, 0x00, 0x00,
  0x1f, 0xff, 0xff, 0xff, 0x0f, 0x00, 0x00, 0x00, 0x00, 0x1f, 0xff, 0xff,
  0xff, 0x0f, 0x00, 0x00, 0x00, 0x00, 0x1f, 0xff, 0xff, 0xff, 0x0f, 0x00,
  0x00, 0x00, 0x00, 0x1f, 0xff, 0xff, 0xff, 0x0f, 0x00, 0x00, 0x00, 0x00,
  0x1f, 0xff, 0xff, 0xff, 0x0f, 0x00, 0x00, 0x00, 0x00, 0x1f, 0xff, 0xff,
  0xff, 0x0f, 0x00, 0x00, 0x00, 0x00, 0x1f, 0xff, 0xff, 0xff, 0x0f, 0x00,
  0x00, 0x00, 0x00, 0x1f, 0xff, 0xff, 0xff, 0x0f, 0x00, 0x00, 0x00, 0x00,
  0x1f, 0xff, 0xff, 0xff, 0x0f, 0x00, 0x00, 0x00, 0x00, 0x1f, 0xff, 0xff,
  0xff, 0x0f, 0x00, 0x00, 0x00, 0x00, 0x1f, 0xff, 0xff, 0xff, 0x0f, 0x00,
  0x00, 0x00, 0x00, 0x1f, 0xff, 0xff, 0xff, 0x0f, 0x00, 0x00, 0x00, 0x00,
  0x1f, 0xff, 0xff, 0xff, 0xff, 0xff, 0xff, 0xff, 0x4b, 0x1f, 0xff, 0xff,
  0xff, 0xff, 0xff, 0xff, 0xff, 0x4b, 0x12, 0x93, 0x93, 0x93, 0x93, 0x93,
  0x93, 0x93, 0x2b, 0x10, 0x7b, 0x7b, 0x7b, 0x14, 0x00, 0x00, 0x00, 0x00,
  0x00, 0x00, 0x00, 0x00, 0xdb, 0xff, 0xff, 0x6d, 0x00, 0x00, 0x00, 0x00,
  0x00, 0x00, 0x00, 0x00, 0x7f, 0xff, 0xff, 0xca, 0x00, 0x00, 0x00, 0x00,
  0x00, 0x00, 0x00, 0x00, 0x22, 0xff, 0xff, 0xff, 0x27, 0x00, 0x00, 0x00,
  0x00, 0x00, 0x00, 0x00, 0x00, 0xc4, 0xff, 0xff, 0x82, 0x00, 0x00, 0x00,
  0x00, 0x00, 0x00, 0x00, 0x00, 0x66, 0xff, 0xff, 0xde, 0x01, 0x00, 0x00,
  0x00, 0x00, 0x00, 0x00, 0x00, 0x10, 0xf8, 0xff, 0xff, 0x3b, 0x00, 0x00,
  0x00, 0x00, 0x00, 0x00, 0x00, 0x00, 0xac, 0xff, 0xff, 0x97, 0x00, 0x00,
  0x00, 0x00, 0x00, 0x00, 0x00, 0x00, 0x4e, 0xff, 0xff, 0xed, 0x06, 0x00,
  0x00, 0x00, 0x00, 0x00, 0x00, 0x00, 0x05, 0xeb, 0xff, 0xff, 0x50, 0x00,
  0x00, 0x00, 0x00, 0x00, 0x00, 0x00, 0x00, 0x94, 0xff, 0xff, 0xac, 0x00,
  0x00, 0x00, 0x00, 0x00, 0x00, 0x00, 0x00, 0x36, 0xff, 0xff, 0xf8, 0x10,
  0x00, 0x00, 0x00, 0x00, 0x00, 0x00, 0x00, 0x00, 0xd9, 0xff, 0xff, 0x65,
  0x00, 0x00, 0x00, 0x00, 0x00, 0x00, 0x00, 0x00, 0x7b, 0xff, 0xff, 0xc1,
  0x00, 0x00, 0x00, 0x00, 0x00, 0x00, 0x00, 0x00, 0x1f, 0xfe, 0xff, 0xfe,
  0x1f, 0x00, 0x00, 0x00, 0x00, 0x00, 0x00, 0x00, 0x00, 0xc1, 0xff, 0xff,
  0x79, 0x00, 0x00, 0x00, 0x00, 0x00, 0x00, 0x00, 0x00, 0x63, 0xff, 0xff,
  0xd6, 0x00, 0x00, 0x00, 0x00, 0x00, 0x00, 0x00, 0x00, 0x0f, 0xf7, 0xff,
  0xff, 0x32, 0x00, 0x00, 0x00, 0x00, 0x00, 0x00, 0x00, 0x00, 0xa9, 0xff,
  0xff, 0x8e, 0x00, 0x00, 0x00, 0x00, 0x00, 0x00, 0x00, 0x00, 0x4b, 0xff,
  0xff, 0xe7, 0x03, 0x00, 0x00, 0x00, 0x00, 0x00, 0x00, 0x00, 0x04, 0xe9,
  0xff, 0xff, 0x47, 0x00, 0x00, 0x00, 0x00, 0x00, 0x00, 0x00, 0x00, 0x90,
  0xff, 0xff, 0xa3, 0x00, 0x00, 0x00, 0x00, 0x00, 0x00, 0x00, 0x00, 0x29,
  0x93, 0x93, 0x88, 0x03, 0x7b, 0x7b, 0x7b, 0x7b, 0x7b, 0x7b, 0x7b, 0x24,
  0x07, 0xff, 0xff, 0xff, 0xff, 0xff, 0xff, 0xff, 0x4b, 0x07, 0xff, 0xff,
  0xff, 0xff, 0xff, 0xff, 0xff, 0x4b, 0x00, 0x17, 0x17, 0x17, 0x17, 0xe6,
  0xff, 0xff, 0x4b, 0x00, 0x00, 0x00, 0x00, 0x00, 0xe3, 0xff, 0xff, 0x4b,
  0x00, 0x00, 0x00, 0x00, 0x00, 0xe3, 0xff, 0xff, 0x4b, 0x00, 0x00, 0x00,
  0x00, 0x00, 0xe3, 0xff, 0xff, 0x4b, 0x00, 0x00, 0x00, 0x00, 0x00, 0xe3,
  0xff, 0xff, 0x4b, 0x00, 0x00, 0x00, 0x00, 0x00, 0xe3, 0xff, 0xff, 0x4b,
  0x00, 0x00, 0x00, 0x00, 0x00, 0xe3, 0xff, 0xff, 0x4b, 0x00, 0x00, 0x00,
  0x00, 0x00, 0xe3, 0xff, 0xff, 0x4b, 0x00, 0x00, 0x00, 0x00, 0x00, 0xe3,
  0xff, 0xff, 0x4b, 0x00, 0x00, 0x00, 0x00, 0x00, 0xe3, 0xff, 0xff, 0x4b,
  0x00, 0x00, 0x00, 0x00, 0x00, 0xe3, 0xff, 0xff, 0x4b, 0x00, 0x00, 0x00,
  0x00, 0x00, 0xe3, 0xff, 0xff, 0x4b, 0x00, 0x00, 0x00, 0x00, 0x00, 0xe3,
  0xff, 0xff, 0x4b, 0x00, 0x00, 0x00, 0x00, 0x00, 0xe3, 0xff, 0xff, 0x4b,
  0x00, 0x00, 0x00, 0x00, 0x00, 0xe3, 0xff, 0xff, 0x4b, 0x00, 0x00, 0x00,
  0x00, 0x00, 0xe3, 0xff, 0xff, 0x4b, 0x00, 0x00, 0x00, 0x00, 0x00, 0xe3,
  0xff, 0xff, 0x4b, 0x1f, 0xff, 0xff, 0xff, 0xff, 0xff, 0xff, 0xff, 0x4b,
  0x1f, 0xff, 0xff, 0xff, 0xff, 0xff, 0xff, 0xff, 0x4b, 0x12, 0x93, 0x93,
  0x93, 0x93, 0x93, 0x93, 0x93, 0x2b, 0x00, 0x00, 0x00, 0x00, 0x47, 0xe7,
  0xe7, 0xe6, 0x20, 0x00, 0x00, 0x00, 0x00, 0x00, 0x00, 0x00, 0x00, 0xc2,
  0xff, 0xff, 0xff, 0x95, 0x00, 0x00, 0x00, 0x00, 0x00, 0x00, 0x00, 0x3b,
  0xff, 0xff, 0xff, 0xff, 0xf7, 0x17, 0x00, 0x00, 0x00, 0x00, 0x00, 0x00,
  0xb4, 0xff, 0xff, 0xf3, 0xff, 0xff, 0x87, 0x00, 0x00, 0x00, 0x00, 0x00,
  0x2e, 0xff, 0xff, 0xf3, 0x40, 0xff, 0xff, 0xf1, 0x0f, 0x00, 0x00, 0x00,
  0x00, 0xa6, 0xff, 0xff, 0x92, 0x00, 0xbe, 0xff, 0xff, 0x79, 0x00, 0x00,
  0x00, 0x22, 0xfc, 0xff, 0xfd, 0x24, 0x00, 0x4c, 0xff, 0xff, 0xe9, 0x09,
  0x00, 0x00, 0x98, 0xff, 0xff, 0xb0, 0x00, 0x00, 0x01, 0xd9, 0xff, 0xff,
  0x6b, 0x00, 0x18, 0xf8, 0xff, 0xff, 0x3f, 0x00, 0x00, 0x00, 0x69, 0xff,
  0xff, 0xe0, 0x04, 0x67, 0xcf, 0xcf, 0xb0, 0x00, 0x00, 0x00, 0x00, 0x0a,
  0xc7, 0xcf, 0xcf, 0x43, 0x78, 0xb3, 0xb3, 0xb3, 0xb3, 0xb3, 0xb3, 0xb3,
  0xb3, 0xb3, 0xb3, 0xb3, 0x59, 0xab, 0xff, 0xff, 0xff, 0xff, 0xff, 0xff,
  0xff, 0xff, 0xff, 0xff, 0xff, 0x7f, 0xab, 0xff, 0xff, 0xff, 0xff, 0xff,
  0xff, 0xff, 0xff, 0xff, 0xff, 0xff, 0x7f, 0x1a, 0x27, 0x27, 0x27, 0x27,
  0x27, 0x27, 0x27, 0x27, 0x27, 0x27, 0x27, 0x13, 0x33, 0x4f, 0x4f, 0x45,
  0x00, 0x00, 0x00, 0x2b, 0xf3, 0xff, 0xff, 0x52, 0x00, 0x00, 0x00, 0x54,
  0xff, 0xff, 0xeb, 0x16, 0x00, 0x00, 0x00, 0x87, 0xff, 0xff, 0xb0, 0x00,
  0x00, 0x00, 0x02, 0xa5, 0xcf, 0xcf, 0x41, 0x00, 0x00, 0x00, 0x00, 0x00,
  0x0b, 0x23, 0x0a, 0x00, 0x00, 0x00, 0x00, 0x00, 0x00, 0x0f, 0x7c, 0xe3,
  0xff, 0xff, 0xff, 0xe2, 0x74, 0x09, 0x00, 0x00, 0x0e, 0xce, 0xff, 0xff,
  0xff, 0xff, 0xff, 0xff, 0xff, 0xb3, 0x00, 0x00, 0x8c, 0xff, 0xff, 0xf6,
  0x9b, 0x77, 0xba, 0xff, 0xff, 0xff, 0x51, 0x00, 0x91, 0xaf, 0xaf, 0x52,
  0x00, 0x00, 0x00, 0xad, 0xff, 0xff, 0x88, 0x00, 0x00, 0x00, 0x00, 0x00,
  0x00, 0x00, 0x00, 0x80, 0xff, 0xff, 0xaa, 0x00, 0x00, 0x00, 0x3b, 0x6e,
  0x98, 0xab, 0xbb, 0xe3, 0xff, 0xff, 0xab, 0x00, 0x27, 0xc7, 0xff, 0xff,
  0xff, 0xff, 0xff, 0xff, 0xff, 0xff, 0xab, 0x09, 0xd8, 0xff, 0xff, 0xd4,
  0x81, 0x64, 0x54, 0xa4, 0xff, 0xff, 0xab, 0x3e, 0xff, 0xff, 0xe4, 0x08,
  0x00, 0x00, 0x00, 0x90, 0xff, 0xff, 0xab, 0x5a, 0xff, 0xff, 0xdb, 0x01,
  0x00, 0x00, 0x0f, 0xe0, 0xff, 0xff, 0xab, 0x2f, 0xff, 0xff, 0xff, 0xbe,
  0x6e, 0x77, 0xdd, 0xff, 0xff, 0xff, 0xab, 0x00, 0xb6, 0xff, 0xff, 0xff,
  0xff, 0xff, 0xed, 0x9c, 0xff, 0xff, 0xab, 0x00, 0x12, 0xa0, 0xfc, 0xff,
  0xff, 0xda, 0x30, 0x5f, 0xff, 0xff, 0xab, 0x00, 0x00, 0x00, 0x08, 0x2c,
  0x20, 0x00, 0x00, 0x00, 0x00, 0x00, 0x00, 0x43, 0xd7, 0xd7, 0xd7, 0x03,
  0x00, 0x00, 0x00, 0x00, 0x00, 0x00, 0x00, 0x00, 0x4f, 0xff, 0xff, 0xff,
  0x03, 0x00, 0x00, 0x00, 0x00, 0x00, 0x00, 0x00, 0x00, 0x4f, 0xff, 0xff,
  0xff, 0x03, 0x00, 0x00, 0x00, 0x00, 0x00, 0x00, 0x00, 0x00, 0x4f, 0xff,
  0xff, 0xff, 0x03, 0x00, 0x00, 0x00, 0x00, 0x00, 0x00, 0x00, 0x00, 0x4f,
  0xff, 0xff, 0xff, 0x03, 0x00, 0x00, 0x13, 0x06, 0x00, 0x00, 0x00, 0x00,
  0x4f, 0xff, 0xff, 0xff, 0x03, 0x6b, 0xe7, 0xff, 0xfa, 0xcd, 0x43, 0x00,
  0x00, 0x4f, 0xff, 0xff, 0xff, 0x5e, 0xff, 0xff, 0xff, 0xff, 0xff, 0xfd,
  0x5b, 0x00, 0x4f, 0xff, 0xff, 0xff, 0xe9, 0xd0, 0x9c, 0xbd, 0xff, 0xff,
  0xff, 0xe3, 0x08, 0x4f, 0xff, 0xff, 0xff, 0x97, 0x01, 0x00, 0x00, 0x5f,
  0xff, 0xff, 0xff, 0x48, 0x4f, 0xff, 0xff, 0xff, 0x16, 0x00, 0x00, 0x00,
  0x00, 0xdf, 0xff, 0xff, 0x6b, 0x4f, 0xff, 0xff, 0xf3, 0x00, 0x00, 0x00,
  0x00, 0x00, 0xbb, 0xff, 0xff, 0x88, 0x4f, 0xff, 0xff, 0xef, 0x00, 0x00,
  0x00, 0x00, 0x00, 0xb7, 0xff, 0xff, 0x8b, 0x4f, 0xff, 0xff, 0xf3, 0x00,
  0x00, 0x00, 0x00, 0x00, 0xbb, 0xff, 0xff, 0x89, 0x4f, 0xff, 0xff, 0xff,
  0x17, 0x00, 0x00, 0x00, 0x00, 0xdf, 0xff, 0xff, 0x6e, 0x4f, 0xff, 0xff,
  0xff, 0x99, 0x01, 0x00, 0x00, 0x63, 0xff, 0xff, 0xff, 0x4b, 0x4f, 0xff,
  0xff, 0xff, 0xf0, 0xd2, 0x9f, 0xc0, 0xff, 0xff, 0xff, 0xea, 0x0d, 0x4f,
  0xff, 0xff, 0xfb, 0x6f, 0xff, 0xff, 0xff, 0xff, 0xff, 0xff, 0x6a, 0x00,
  0x4f, 0xff, 0xff, 0xfb, 0x01, 0x84, 0xf5, 0xff, 0xff, 0xe2, 0x57, 0x00,
  0x00, 0x00, 0x00, 0x00, 0x00, 0x00, 0x00, 0x09, 0x28, 0x14, 0x00, 0x00,
  0x00, 0x00, 0x00, 0x00, 0x00, 0x00, 0x00, 0x0d, 0x30, 0x1e, 0x02, 0x00,
  0x00, 0x00, 0x00, 0x00, 0x00, 0x02, 0x6e, 0xe3, 0xff, 0xff, 0xff, 0xf8,
  0x9a, 0x1a, 0x00, 0x00, 0x00, 0x03, 0xc0, 0xff, 0xff, 0xff, 0xff, 0xff,
  0xff, 0xff, 0xe5, 0x15, 0x00, 0x00, 0x6b, 0xff, 0xff, 0xff, 0xbf, 0x7d,
  0x97, 0xf6, 0xff, 0xff, 0xa9, 0x00, 0x00, 0xe3, 0xff, 0xff, 0xa6, 0x01,
  0x00, 0x00, 0x4c, 0xff, 0xff, 0xf5, 0x06, 0x0d, 0xff, 0xff, 0xff, 0x31,
  0x00, 0x00, 0x00, 0x01, 0x91, 0x97, 0x97, 0x1c, 0x32, 0xff, 0xff, 0xff,
  0x09, 0x00, 0x00, 0x00, 0x00, 0x00, 0x00, 0x00, 0x00, 0x3f, 0xff, 0xff,
  0xf8, 0x00, 0x00, 0x00, 0x00, 0x00, 0x00, 0x00, 0x00, 0x00, 0x34, 0xff,
  0xff, 0xff, 0x08, 0x00, 0x00, 0x00, 0x00, 0x00, 0x00, 0x00, 0x00, 0x0f,
  0xff, 0xff, 0xff, 0x2d, 0x00, 0x00, 0x00, 0x00, 0x69, 0x6f, 0x6f, 0x17,
  0x00, 0xe6, 0xff, 0xff, 0x9e, 0x00, 0x00, 0x00, 0x3e, 0xff, 0xff, 0xfa,
  0x0b, 0x00, 0x72, 0xff, 0xff, 0xff, 0xb3, 0x70, 0x88, 0xee, 0xff, 0xff,
  0xba, 0x00, 0x00, 0x04, 0xca, 0xff, 0xff, 0xff, 0xff, 0xff, 0xff, 0xff,
  0xee, 0x20, 0x00, 0x00, 0x00, 0x05, 0x7c, 0xef, 0xff, 0xff, 0xff, 0xfe,
  0xab, 0x26, 0x00, 0x00, 0x00, 0x00, 0x00, 0x00, 0x00, 0x19, 0x3d, 0x2b,
  0x0a, 0x00, 0x00, 0x00, 0x00, 0x00, 0x00, 0x00, 0x00, 0x00, 0x00, 0x00,
  0x00, 0x2b, 0xd7, 0xd7, 0xd7, 0x21, 0x00, 0x00, 0x00, 0x00, 0x00, 0x00,
  0x00, 0x00, 0x33, 0xff, 0xff, 0xff, 0x27, 0x00, 0x00, 0x00, 0x00, 0x00,
  0x00, 0x00, 0x00, 0x33, 0xff, 0xff, 0xff, 0x27, 0x00, 0x00, 0x00, 0x00,
  0x00, 0x00, 0x00, 0x00, 0x33, 0xff, 0xff, 0xff, 0x27, 0x00, 0x00, 0x00,
  0x00, 0x0b, 0x0f, 0x00, 0x00, 0x33, 0xff, 0xff, 0xff, 0x27, 0x00, 0x00,
  0x61, 0xd7, 0xfd, 0xff, 0xd9, 0x4e, 0x33, 0xff, 0xff, 0xff, 0x27, 0x00,
  0x87, 0xff, 0xff, 0xff, 0xff, 0xff, 0xfc, 0x66, 0xff, 0xff, 0xff, 0x27,
  0x21, 0xf9, 0xff, 0xff, 0xfa, 0xb1, 0x9f, 0xde, 0xea, 0xff, 0xff, 0xff,
  0x27, 0x78, 0xff, 0xff, 0xfb, 0x38, 0x00, 0x00, 0x08, 0xbc, 0xff, 0xff,
  0xff, 0x27, 0x9c, 0xff, 0xff, 0xb2, 0x00, 0x00, 0x00, 0x00, 0x43, 0xff,
  0xff, 0xff, 0x27, 0xb9, 0xff, 0xff, 0x8f, 0x00, 0x00, 0x00, 0x00, 0x1f,
  0xff, 0xff, 0xff, 0x27, 0xbb, 0xff, 0xff, 0x8b, 0x00, 0x00, 0x00, 0x00,
  0x1b, 0xff, 0xff, 0xff, 0x27, 0xba, 0xff, 0xff, 0x8f, 0x00, 0x00, 0x00,
  0x00, 0x1f, 0xff, 0xff, 0xff, 0x27, 0x9f, 0xff, 0xff, 0xb3, 0x00, 0x00,
  0x00, 0x00, 0x44, 0xff, 0xff, 0xff, 0x27, 0x7c, 0xff, 0xff, 0xfc, 0x3b,
  0x00, 0x00, 0x09, 0xbe, 0xff, 0xff, 0xff, 0x27, 0x2a, 0xfc, 0xff, 0xff,
  0xfb, 0xb4, 0xa2, 0xe0, 0xef, 0xff, 0xff, 0xff, 0x27, 0x00, 0x97, 0xff,
  0xff, 0xff, 0xff, 0xff, 0xff, 0x6a, 0xff, 0xff, 0xff, 0x27, 0x00, 0x01,
  0x78, 0xec, 0xff, 0xff, 0xea, 0x64, 0x27, 0xff, 0xff, 0xff, 0x27, 0x00,
  0x00, 0x00, 0x00, 0x1c, 0x24, 0x05, 0x00, 0x00, 0x00, 0x00, 0x00, 0x00,
  0x00, 0x00, 0x00, 0x00, 0x00, 0x05, 0x24, 0x0a, 0x00, 0x00, 0x00, 0x00,
  0x00, 0x00, 0x00, 0x00, 0x55, 0xd1, 0xfa, 0xff, 0xfd, 0xdb, 0x6a, 0x01,
  0x00, 0x00, 0x00, 0x00, 0xa8, 0xff, 0xff, 0xff, 0xff, 0xff, 0xff, 0xff,
  0xb8, 0x02, 0x00, 0x00, 0x64, 0xff, 0xff, 0xf9, 0x8b, 0x58, 0x81, 0xf5,
  0xff, 0xff, 0x69, 0x00, 0x00, 0xe1, 0xff, 0xff, 0x61, 0x00, 0x00, 0x00,
  0x51, 0xff, 0xff, 0xe1, 0x00, 0x11, 0xff, 0xff, 0xfd, 0x07, 0x00, 0x00,
  0x00, 0x01, 0xf6, 0xff, 0xff, 0x0f, 0x37, 0xff, 0xff, 0xfa, 0xbb, 0xbb,
  0xbb, 0xbb, 0xbb, 0xf7, 0xff, 0xff, 0x35, 0x3b, 0xff, 0xff, 0xff, 0xff,
  0xff, 0xff, 0xff, 0xff, 0xff, 0xff, 0xff, 0x3b, 0x37, 0xff, 0xff, 0xef,
  0x4f, 0x4f, 0x4f, 0x4f, 0x4f, 0x4f, 0x4f, 0x4f, 0x12, 0x13, 0xff, 0xff,
  0xf8, 0x03, 0x00, 0x00, 0x00, 0x00, 0x00, 0x00, 0x00, 0x00, 0x00, 0xea,
  0xff, 0xff, 0x52, 0x00, 0x00, 0x00, 0x03, 0x94, 0x9f, 0x9f, 0x13, 0x00,
  0x7f, 0xff, 0xff, 0xf2, 0x78, 0x40, 0x65, 0xc0, 0xff, 0xff, 0xd5, 0x00,
  0x00, 0x06, 0xce, 0xff, 0xff, 0xff, 0xff, 0xff, 0xff, 0xff, 0xf0, 0x34,
  0x00, 0x00, 0x00, 0x07, 0x7d, 0xef, 0xff, 0xff, 0xff, 0xfc, 0xa6, 0x29,
  0x00, 0x00, 0x00, 0x00, 0x00, 0x00, 0x00, 0x19, 0x3c, 0x2b, 0x09, 0x00,
  0x00, 0x00, 0x00, 0x00, 0x00, 0x00, 0x00, 0x00, 0x04, 0x5a, 0x94, 0xad,
  0xbb, 0xb9, 0xb6, 0x61, 0x00, 0x00, 0x00, 0x00, 0x0a, 0xd3, 0xff, 0xff,
  0xff, 0xff, 0xff, 0xff, 0x8b, 0x00, 0x00, 0x00, 0x00, 0x7d, 0xff, 0xff,
  0xfe, 0xce, 0xa1, 0xa2, 0xa5, 0x5c, 0x00, 0x00, 0x00, 0x00, 0xaf, 0xff,
  0xff, 0x95, 0x00, 0x00, 0x00, 0x00, 0x00, 0x00, 0x00, 0x00, 0x00, 0xca,
  0xff, 0xff, 0x58, 0x00, 0x00, 0x00, 0x00, 0x00, 0x32, 0xcb, 0xcb, 0xcb,
  0xf5, 0xff, 0xff, 0xdd, 0xcb, 0xcb, 0xcb, 0xcb, 0x6f, 0x3f, 0xff, 0xff,
  0xff, 0xff, 0xff, 0xff, 0xff, 0xff, 0xff, 0xff, 0xff, 0x8b, 0x31, 0xc7,
  0xc7, 0xc7, 0xf4, 0xff, 0xff, 0xde, 0xc7, 0xc7, 0xc7, 0xc7, 0x6d, 0x00,
  0x00, 0x00, 0x00, 0xcb, 0xff, 0xff, 0x67, 0x00, 0x00, 0x00, 0x00, 0x00,
  0x00, 0x00, 0x00, 0x00, 0xcb, 0xff, 0xff, 0x67, 0x00, 0x00, 0x00, 0x00,
  0x00, 0x00, 0x00, 0x00, 0x00, 0xcb, 0xff, 0xff, 0x67, 0x00, 0x00, 0x00,
  0x00, 0x00, 0x00, 0x00, 0x00, 0x00, 0xcb, 0xff, 0xff, 0x67, 0x00, 0x00,
  0x00, 0x00, 0x00, 0x00, 0x00, 0x00, 0x00, 0xcb, 0xff, 0xff, 0x67, 0x00,
  0x00, 0x00, 0x00, 0x00, 0x00, 0x00, 0x00, 0x00, 0xcb, 0xff, 0xff, 0x67,
  0x00, 0x00, 0x00, 0x00, 0x00, 0x00, 0x00, 0x00, 0x00, 0xcb, 0xff, 0xff,
  0x67, 0x00, 0x00, 0x00, 0x00, 0x00, 0x00, 0x00, 0x00, 0x00, 0xcb, 0xff,
  0xff, 0x67, 0x00, 0x00, 0x00, 0x00, 0x00, 0x00, 0x00, 0x00, 0x00, 0xcb,
  0xff, 0xff, 0x67, 0x00, 0x00, 0x00, 0x00, 0x00, 0x00, 0x00, 0x00, 0x00,
  0xcb, 0xff, 0xff, 0x67, 0x00, 0x00, 0x00, 0x00, 0x00, 0x00, 0x00, 0x00,
  0x00, 0x0a, 0x10, 0x00, 0x00, 0x00, 0x00, 0x00, 0x00, 0x00, 0x00, 0x01,
  0x6e, 0xd8, 0xfd, 0xff, 0xdd, 0x5e, 0x00, 0xeb, 0xeb, 0xeb, 0x24, 0x00,
  0xa2, 0xff, 0xff, 0xff, 0xff, 0xff, 0xff, 0x58, 0xff, 0xff, 0xff, 0x27,
  0x3c, 0xff, 0xff, 0xff, 0xf5, 0xad, 0xa1, 0xe2, 0xe9, 0xff, 0xff, 0xff,
  0x27, 0x9b, 0xff, 0xff, 0xf1, 0x26, 0x00, 0x00, 0x0b, 0xc2, 0xff, 0xff,
  0xff, 0x27, 0xbf, 0xff, 0xff, 0x91, 0x00, 0x00, 0x00, 0x00, 0x46, 0xff,
  0xff, 0xff, 0x27, 0xdc, 0xff, 0xff, 0x6b, 0x00, 0x00, 0x00, 0x00, 0x1f,
  0xff, 0xff, 0xff, 0x27, 0xdf, 0xff, 0xff, 0x67, 0x00, 0x00, 0x00, 0x00,
  0x1b, 0xff, 0xff, 0xff, 0x27, 0xd9, 0xff, 0xff, 0x72, 0x00, 0x00, 0x00,
  0x00, 0x27, 0xff, 0xff, 0xff, 0x27, 0xb8, 0xff, 0xff, 0xa9, 0x00, 0x00,
  0x00, 0x00, 0x5e, 0xff, 0xff, 0xff, 0x27, 0x91, 0xff, 0xff, 0xfe, 0x66,
  0x02, 0x00, 0x37, 0xe5, 0xff, 0xff, 0xff, 0x27, 0x26, 0xfb, 0xff, 0xff,
  0xff, 0xf5, 0xec, 0xff, 0xd3, 0xff, 0xff, 0xff, 0x27, 0x00, 0x7c, 0xfe,
  0xff, 0xff, 0xff, 0xff, 0xf2, 0x3f, 0xff, 0xff, 0xff, 0x27, 0x00, 0x00,
  0x49, 0xad, 0xdd, 0xdb, 0xa3, 0x2a, 0x0f, 0xff, 0xff, 0xff, 0x27, 0x00,
  0x00, 0x00, 0x00, 0x00, 0x00, 0x00, 0x00, 0x24, 0xff, 0xff, 0xfe, 0x0e,
  0x79, 0xd7, 0xd7, 0x93, 0x01, 0x00, 0x00, 0x00, 0x86, 0xff, 0xff, 0xd6,
  0x00, 0x3c, 0xfe, 0xff, 0xff, 0xd4, 0x9a, 0x89, 0xc1, 0xff, 0xff, 0xff,
  0x5c, 0x00, 0x00, 0x65, 0xfb, 0xff, 0xff, 0xff, 0xff, 0xff, 0xff, 0xf8,
  0x7c, 0x00, 0x00, 0x00, 0x00, 0x1b, 0x7f, 0xb3, 0xd0, 0xd0, 0xae, 0x84,
  0x1b, 0x00, 0x00, 0x00, 0x54, 0xd7, 0xd7, 0x9e, 0x00, 0x00, 0x00, 0x00,
  0x00, 0x00, 0x00, 0x00, 0x00, 0x63, 0xff, 0xff, 0xbb, 0x00, 0x00, 0x00,
  0x00, 0x00, 0x00, 0x00, 0x00, 0x00, 0x63, 0xff, 0xff, 0xbb, 0x00, 0x00,
  0x00, 0x00, 0x00, 0x00, 0x00, 0x00, 0x00, 0x63, 0xff, 0xff, 0xbb, 0x00,
  0x00, 0x00, 0x00, 0x00, 0x00, 0x00, 0x00, 0x00, 0x63, 0xff, 0xff, 0xbb,
  0x00, 0x00, 0x02, 0x1b, 0x0d, 0x00, 0x00, 0x00, 0x00, 0x63, 0xff, 0xff,
  0xbb, 0x03, 0x82, 0xee, 0xff, 0xfe, 0xdb, 0x4f, 0x00, 0x00, 0x63, 0xff,
  0xff, 0xbb, 0x98, 0xff, 0xff, 0xff, 0xff, 0xff, 0xff, 0x50, 0x00, 0x63,
  0xff, 0xff, 0xee, 0xfe, 0xdf, 0xaf, 0xd2, 0xff, 0xff, 0xff, 0xd6, 0x00,
  0x63, 0xff, 0xff, 0xff, 0x9a, 0x04, 0x00, 0x00, 0x8f, 0xff, 0xff, 0xff,
  0x0d, 0x63, 0xff, 0xff, 0xf8, 0x0b, 0x00, 0x00, 0x00, 0x1d, 0xff, 0xff,
  0xff, 0x2f, 0x63, 0xff, 0xff, 0xd6, 0x00, 0x00, 0x00, 0x00, 0x01, 0xfd,
  0xff, 0xff, 0x37, 0x63, 0xff, 0xff, 0xcf, 0x00, 0x00, 0x00, 0x00, 0x00,
  0xfb, 0xff, 0xff, 0x37, 0x63, 0xff, 0xff, 0xcf, 0x00, 0x00, 0x00, 0x00,
  0x00, 0xfb, 0xff, 0xff, 0x37, 0x63, 0xff, 0xff, 0xcf, 0x00, 0x00, 0x00,
  0x00, 0x00, 0xfb, 0xff, 0xff, 0x37, 0x63, 0xff, 0xff, 0xcf, 0x00, 0x00,
  0x00, 0x00, 0x00, 0xfb, 0xff, 0xff, 0x37, 0x63, 0xff, 0xff, 0xcf, 0x00,
  0x00, 0x00, 0x00, 0x00, 0xfb, 0xff, 0xff, 0x37, 0x63, 0xff, 0xff, 0xcf,
  0x00, 0x00, 0x00, 0x00, 0x00, 0xfb, 0xff, 0xff, 0x37, 0x63, 0xff, 0xff,
  0xcf, 0x00, 0x00, 0x00, 0x00, 0x00, 0xfb, 0xff, 0xff, 0x37, 0x00, 0x00,
  0x00, 0x00, 0x00, 0x52, 0x90, 0x67, 0x05, 0x00, 0x00, 0x00, 0x00, 0x00,
  0x00, 0x00, 0x00, 0x54, 0xff, 0xff, 0xff, 0x87, 0x00, 0x00, 0x00, 0x00,
  0x00, 0x00, 0x00, 0x00, 0x8b, 0xff, 0xff, 0xff, 0xbf, 0x00, 0x00, 0x00,
  0x00, 0x00, 0x00, 0x00, 0x00, 0x41, 0xfd, 0xff, 0xff, 0x70, 0x00, 0x00,
  0x00, 0x00, 0x00, 0x00, 0x00, 0x00, 0x00, 0x2c, 0x65, 0x3d, 0x00, 0x00,
  0x00, 0x00, 0x00, 0x00, 0x00, 0x00, 0x00, 0x00, 0x00, 0x00, 0x00, 0x00,
  0x00, 0x00, 0x00, 0x00, 0x00, 0x00, 0x00, 0x00, 0x00, 0x00, 0x00, 0x00,
  0x00, 0x00, 0x00, 0x00, 0x00, 0x00, 0xc7, 0xeb, 0xeb, 0xeb, 0xeb, 0xeb,
  0xeb, 0x33, 0x00, 0x00, 0x00, 0x00, 0x00, 0xd7, 0xff, 0xff, 0xff, 0xff,
  0xff, 0xff, 0x37, 0x00, 0x00, 0x00, 0x00, 0x00, 0x8a, 0xa3, 0xa3, 0xa3,
  0xf7, 0xff, 0xff, 0x37, 0x00, 0x00, 0x00, 0x00, 0x00, 0x00, 0x00, 0x00,
  0x00, 0xe7, 0xff, 0xff, 0x37, 0x00, 0x00, 0x00, 0x00, 0x00, 0x00, 0x00,
  0x00, 0x00, 0xe7, 0xff, 0xff, 0x37, 0x00, 0x00, 0x00, 0x00, 0x00, 0x00,
  0x00, 0x00, 0x00, 0xe7, 0xff, 0xff, 0x37, 0x00, 0x00, 0x00, 0x00, 0x00,
  0x00, 0x00, 0x00, 0x00, 0xe7, 0xff, 0xff, 0x37, 0x00, 0x00, 0x00, 0x00,
  0x00, 0x00, 0x00, 0x00, 0x00, 0xe7, 0xff, 0xff, 0x37, 0x00, 0x00, 0x00,
  0x00, 0x00, 0x00, 0x00, 0x00, 0x00, 0xe7, 0xff, 0xff, 0x37, 0x00, 0x00,
  0x00, 0x00, 0x00, 0x00, 0x00, 0x00, 0x00, 0xe7, 0xff, 0xff, 0x37, 0x00,
  0x00, 0x00, 0x00, 0x06, 0x8b, 0x8b, 0x8b, 0x8b, 0xf5, 0xff, 0xff, 0xa5,
  0x8b, 0x8b, 0x8b, 0x11, 0x0b, 0xff, 0xff, 0xff, 0xff, 0xff, 0xff, 0xff,
  0xff, 0xff, 0xff, 0xff, 0x1f, 0x0b, 0xff, 0xff, 0xff, 0xff, 0xff, 0xff,
  0xff, 0xff, 0xff, 0xff, 0xff, 0x1f, 0x00, 0x00, 0x00, 0x00, 0x00, 0x31,
  0x8b, 0x7d, 0x15, 0x00, 0x00, 0x00, 0x00, 0x00, 0x1b, 0xf5, 0xff, 0xff,
  0xcb, 0x00, 0x00, 0x00, 0x00, 0x00, 0x47, 0xff, 0xff, 0xff, 0xfe, 0x05,
  0x00, 0x00, 0x00, 0x00, 0x12, 0xe7, 0xff, 0xff, 0xb4, 0x00, 0x00, 0x00,
  0x00, 0x00, 0x00, 0x16, 0x61, 0x53, 0x05, 0x00, 0x00, 0x00, 0x00, 0x00,
  0x00, 0x00, 0x00, 0x00, 0x00, 0x00, 0x00, 0x00, 0x00, 0x00, 0x00, 0x00,
  0x00, 0x00, 0x00, 0x00, 0xc7, 0xeb, 0xeb, 0xeb, 0xeb, 0xeb, 0xeb, 0xeb,
  0x8c, 0x00, 0xd7, 0xff, 0xff, 0xff, 0xff, 0xff, 0xff, 0xff, 0x97, 0x00,
  0x8a, 0xa3, 0xa3, 0xa3, 0xa3, 0xd3, 0xff, 0xff, 0x97, 0x00, 0x00, 0x00,
  0x00, 0x00, 0x00, 0x83, 0xff, 0xff, 0x97, 0x00, 0x00, 0x00, 0x00, 0x00,
  0x00, 0x83, 0xff, 0xff, 0x97, 0x00, 0x00, 0x00, 0x00, 0x00, 0x00, 0x83,
  0xff, 0xff, 0x97, 0x00, 0x00, 0x00, 0x00, 0x00, 0x00, 0x83, 0xff, 0xff,
  0x97, 0x00, 0x00, 0x00, 0x00, 0x00, 0x00, 0x83, 0xff, 0xff, 0x97, 0x00,
  0x00, 0x00, 0x00, 0x00, 0x00, 0x83, 0xff, 0xff, 0x97, 0x00, 0x00, 0x00,
  0x00, 0x00, 0x00, 0x83, 0xff, 0xff, 0x97, 0x00, 0x00, 0x00, 0x00, 0x00,
  0x00, 0x83, 0xff, 0xff, 0x97, 0x00, 0x00, 0x00, 0x00, 0x00, 0x00, 0x83,
  0xff, 0xff, 0x97, 0x00, 0x00, 0x00, 0x00, 0x00, 0x00, 0x88, 0xff, 0xff,
  0x93, 0x00, 0x00, 0x00, 0x00, 0x00, 0x00, 0xc2, 0xff, 0xff, 0x75, 0x00,
  0x9a, 0x9a, 0x98, 0x9f, 0xd2, 0xff, 0xff, 0xff, 0x4e, 0x00, 0xf7, 0xff,
  0xff, 0xff, 0xff, 0xff, 0xff, 0xcb, 0x02, 0x00, 0xf7, 0xff, 0xff, 0xff,
  0xff, 0xf9, 0x9b, 0x1b, 0x00, 0x00, 0x31, 0x36, 0x37, 0x32, 0x1a, 0x03,
  0x00, 0x00, 0x00, 0x00, 0x8d, 0xd7, 0xd7, 0x76, 0x00, 0x00, 0x00, 0x00,
  0x00, 0x00, 0x00, 0x00, 0x00, 0xa7, 0xff, 0xff, 0x8b, 0x00, 0x00, 0x00,
  0x00, 0x00, 0x00, 0x00, 0x00, 0x00, 0xa7, 0xff, 0xff, 0x8b, 0x00, 0x00,
  0x00, 0x00, 0x00, 0x00, 0x00, 0x00, 0x00, 0xa7, 0xff, 0xff, 0x8b, 0x00,
  0x00, 0x00, 0x00, 0x00, 0x00, 0x00, 0x00, 0x00, 0xa7, 0xff, 0xff, 0x8b,
  0x00, 0x00, 0x00, 0x00, 0x00, 0x00, 0x00, 0x00, 0x00, 0xa7, 0xff, 0xff,
  0x8b, 0x00, 0x00, 0x00, 0x2c, 0xe2, 0xeb, 0xeb, 0x78, 0x00, 0xa7, 0xff,
  0xff, 0x8b, 0x00, 0x00, 0x19, 0xe2, 0xff, 0xff, 0xa6, 0x01, 0x00, 0xa7,
  0xff, 0xff, 0x8b, 0x00, 0x0b, 0xcd, 0xff, 0xff, 0xbe, 0x06, 0x00, 0x00,
  0xa7, 0xff, 0xff, 0x8b, 0x03, 0xb4, 0xff, 0xff, 0xd1, 0x0e, 0x00, 0x00,
  0x00, 0xa7, 0xff, 0xff, 0x8c, 0x95, 0xff, 0xff, 0xe2, 0x1a, 0x00, 0x00,
  0x00, 0x00, 0xa7, 0xff, 0xff, 0xea, 0xff, 0xff, 0xff, 0x55, 0x00, 0x00,
  0x00, 0x00, 0x00, 0xa7, 0xff, 0xff, 0xff, 0xff, 0xff, 0xff, 0xd2, 0x06,
  0x00, 0x00, 0x00, 0x00, 0xa7, 0xff, 0xff, 0xff, 0xc9, 0xfc, 0xff, 0xff,
  0x86, 0x00, 0x00, 0x00, 0x00, 0xa7, 0xff, 0xff, 0xc5, 0x09, 0x87, 0xff,
  0xff, 0xfc, 0x36, 0x00, 0x00, 0x00, 0xa7, 0xff, 0xff, 0x8b, 0x00, 0x06,
  0xd2, 0xff, 0xff, 0xd7, 0x08, 0x00, 0x00, 0xa7, 0xff, 0xff, 0x8b, 0x00,
  0x00, 0x31, 0xfa, 0xff, 0xff, 0x8e, 0x00, 0x00, 0xa7, 0xff, 0xff, 0x8b,
  0x00, 0x00, 0x00, 0x7d, 0xff, 0xff, 0xfd, 0x3d, 0x00, 0xa7, 0xff, 0xff,
  0x8b, 0x00, 0x00, 0x00, 0x04, 0xca, 0xff, 0xff, 0xdd, 0x0b, 0x00, 0xb6,
  0xd7, 0xd7, 0xd7, 0xd7, 0xd7, 0xd7, 0x39, 0x00, 0x00, 0x00, 0x00, 0x00,
  0xd7, 0xff, 0xff, 0xff, 0xff, 0xff, 0xff, 0x43, 0x00, 0x00, 0x00, 0x00,
  0x00, 0x9b, 0xb7, 0xb7, 0xb7, 0xfc, 0xff, 0xff, 0x43, 0x00, 0x00, 0x00,
  0x00, 0x00, 0x00, 0x00, 0x00, 0x00, 0xf3, 0xff, 0xff, 0x43, 0x00, 0x00,
  0x00, 0x00, 0x00, 0x00, 0x00, 0x00, 0x00, 0xf3, 0xff, 0xff, 0x43, 0x00,
  0x00, 0x00, 0x00, 0x00, 0x00, 0x00, 0x00, 0x00, 0xf3, 0xff, 0xff, 0x43,
  0x00, 0x00, 0x00, 0x00, 0x00, 0x00, 0x00, 0x00, 0x00, 0xf3, 0xff, 0xff,
  0x43, 0x00, 0x00, 0x00, 0x00, 0x00, 0x00, 0x00, 0x00, 0x00, 0xf3, 0xff,
  0xff, 0x43, 0x00, 0x00, 0x00, 0x00, 0x00, 0x00, 0x00, 0x00, 0x00, 0xf3,
  0xff, 0xff, 0x43, 0x00, 0x00, 0x00, 0x00, 0x00, 0x00, 0x00, 0x00, 0x00,
  0xf3, 0xff, 0xff, 0x43, 0x00, 0x00, 0x00, 0x00, 0x00, 0x00, 0x00, 0x00,
  0x00, 0xf3, 0xff, 0xff, 0x43, 0x00, 0x00, 0x00, 0x00, 0x00, 0x00, 0x00,
  0x00, 0x00, 0xf3, 0xff, 0xff, 0x43, 0x00, 0x00, 0x00, 0x00, 0x00, 0x00,
  0x00, 0x00, 0x00, 0xf3, 0xff, 0xff, 0x43, 0x00, 0x00, 0x00, 0x00, 0x00,
  0x00, 0x00, 0x00, 0x00, 0xf3, 0xff, 0xff, 0x43, 0x00, 0x00, 0x00, 0x00,
  0x00, 0x00, 0x00, 0x00, 0x00, 0xf3, 0xff, 0xff, 0x43, 0x00, 0x00, 0x00,
  0x00, 0x06, 0x8b, 0x8b, 0x8b, 0x8b, 0xfa, 0xff, 0xff, 0xaa, 0x8b, 0x8b,
  0x8b, 0x11, 0x0b, 0xff, 0xff, 0xff, 0xff, 0xff, 0xff, 0xff, 0xff, 0xff,
  0xff, 0xff, 0x1f, 0x0b, 0xff, 0xff, 0xff, 0xff, 0xff, 0xff, 0xff, 0xff,
  0xff, 0xff, 0xff, 0x1f, 0x00, 0x00, 0x00, 0x00, 0x00, 0x07, 0x24, 0x04,
  0x00, 0x00, 0x07, 0x23, 0x04, 0x00, 0x19, 0xeb, 0xeb, 0xa2, 0x34, 0xe9,
  0xff, 0xdb, 0x0f, 0x26, 0xe7, 0xff, 0xe8, 0x2f, 0x1b, 0xff, 0xff, 0xaf,
  0xc4, 0xff, 0xff, 0xff, 0x7c, 0xa9, 0xff, 0xff, 0xff, 0xb2, 0x1b, 0xff,
  0xff, 0xf7, 0xc1, 0xd9, 0xff, 0xff, 0xff, 0xd2, 0xca, 0xff, 0xff, 0xe1,
  0x1b, 0xff, 0xff, 0xcd, 0x00, 0x17, 0xfe, 0xff, 0xf0, 0x05, 0x03, 0xee,
  0xff, 0xef, 0x1b, 0xff, 0xff, 0x9c, 0x00, 0x00, 0xec, 0xff, 0xc4, 0x00,
  0x00, 0xc8, 0xff, 0xef, 0x1b, 0xff, 0xff, 0x9b, 0x00, 0x00, 0xeb, 0xff,
  0xc3, 0x00, 0x00, 0xc7, 0xff, 0xef, 0x1b, 0xff, 0xff, 0x9b, 0x00, 0x00,
  0xeb, 0xff, 0xc3, 0x00, 0x00, 0xc7, 0xff, 0xef, 0x1b, 0xff, 0xff, 0x9b,
  0x00, 0x00, 0xeb, 0xff, 0xc3, 0x00, 0x00, 0xc7, 0xff, 0xef, 0x1b, 0xff,
  0xff, 0x9b, 0x00, 0x00, 0xeb, 0xff, 0xc3, 0x00, 0x00, 0xc7, 0xff, 0xef,
  0x1b, 0xff, 0xff, 0x9b, 0x00, 0x00, 0xeb, 0xff, 0xc3, 0x00, 0x00, 0xc7,
  0xff, 0xef, 0x1b, 0xff, 0xff, 0x9b, 0x00, 0x00, 0xeb, 0xff, 0xc3, 0x00,
  0x00, 0xc7, 0xff, 0xef, 0x1b, 0xff, 0xff, 0x9b, 0x00, 0x00, 0xeb, 0xff,
  0xc3, 0x00, 0x00, 0xc7, 0xff, 0xef, 0x1b, 0xff, 0xff, 0x9b, 0x00, 0x00,
  0xeb, 0xff, 0xc3, 0x00, 0x00, 0xc7, 0xff, 0xef, 0x00, 0x00, 0x00, 0x00,
  0x00, 0x00, 0x06, 0x23, 0x13, 0x00, 0x00, 0x00, 0x00, 0x51, 0xeb, 0xeb,
  0xb4, 0x03, 0x88, 0xf2, 0xff, 0xff, 0xe3, 0x55, 0x00, 0x00, 0x57, 0xff,
  0xff, 0xc3, 0x95, 0xff, 0xff, 0xff, 0xff, 0xff, 0xff, 0x4f, 0x00, 0x57,
  0xff, 0xff, 0xf1, 0xfd, 0xd8, 0xa7, 0xcc, 0xff, 0xff, 0xff, 0xd0, 0x00,
  0x57, 0xff, 0xff, 0xff, 0x98, 0x02, 0x00, 0x00, 0x93, 0xff, 0xff, 0xfd,
  0x06, 0x57, 0xff, 0xff, 0xfd, 0x0e, 0x00, 0x00, 0x00, 0x29, 0xff, 0xff,
  0xff, 0x24, 0x57, 0xff, 0xff, 0xe2, 0x00, 0x00, 0x00, 0x00, 0x0e, 0xff,
  0xff, 0xff, 0x2b, 0x57, 0xff, 0xff, 0xdb, 0x00, 0x00, 0x00, 0x00, 0x0b,
  0xff, 0xff, 0xff, 0x2b, 0x57, 0xff, 0xff, 0xdb, 0x00, 0x00, 0x00, 0x00,
  0x0b, 0xff, 0xff, 0xff, 0x2b, 0x57, 0xff, 0xff, 0xdb, 0x00, 0x00, 0x00,
  0x00, 0x0b, 0xff, 0xff, 0xff, 0x2b, 0x57, 0xff, 0xff, 0xdb, 0x00, 0x00,
  0x00, 0x00, 0x0b, 0xff, 0xff, 0xff, 0x2b, 0x57, 0xff, 0xff, 0xdb, 0x00,
  0x00, 0x00, 0x00, 0x0b, 0xff, 0xff, 0xff, 0x2b, 0x57, 0xff, 0xff, 0xdb,
  0x00, 0x00, 0x00, 0x00, 0x0b, 0xff, 0xff, 0xff, 0x2b, 0x57, 0xff, 0xff,
  0xdb, 0x00, 0x00, 0x00, 0x00, 0x0b, 0xff, 0xff, 0xff, 0x2b, 0x00, 0x00,
  0x00, 0x00, 0x00, 0x0b, 0x25, 0x06, 0x00, 0x00, 0x00, 0x00, 0x00, 0x00,
  0x00, 0x09, 0x83, 0xdf, 0xfe, 0xff, 0xfb, 0xd7, 0x67, 0x02, 0x00, 0x00,
  0x00, 0x17, 0xdd, 0xff, 0xff, 0xff, 0xff, 0xff, 0xff, 0xff, 0xc1, 0x05,
  0x00, 0x00, 0xad, 0xff, 0xff, 0xfb, 0xa1, 0x7d, 0xb2, 0xff, 0xff, 0xff,
  0x7f, 0x00, 0x2b, 0xff, 0xff, 0xff, 0x4e, 0x00, 0x00, 0x00, 0x7b, 0xff,
  0xff, 0xf8, 0x05, 0x59, 0xff, 0xff, 0xd0, 0x00, 0x00, 0x00, 0x00, 0x07,
  0xf6, 0xff, 0xff, 0x2c, 0x81, 0xff, 0xff, 0xa8, 0x00, 0x00, 0x00, 0x00,
  0x00, 0xd4, 0xff, 0xff, 0x55, 0x87, 0xff, 0xff, 0x9f, 0x00, 0x00, 0x00,
  0x00, 0x00, 0xcb, 0xff, 0xff, 0x5b, 0x83, 0xff, 0xff, 0xa6, 0x00, 0x00,
  0x00, 0x00, 0x00, 0xd2, 0xff, 0xff, 0x57, 0x5d, 0xff, 0xff, 0xca, 0x00,
  0x00, 0x00, 0x00, 0x03, 0xf3, 0xff, 0xff, 0x30, 0x31, 0xff, 0xff, 0xff,
  0x3c, 0x00, 0x00, 0x00, 0x69, 0xff, 0xff, 0xfc, 0x07, 0x01, 0xbd, 0xff,
  0xff, 0xf4, 0x88, 0x64, 0x99, 0xfd, 0xff, 0xff, 0x90, 0x00, 0x00, 0x21,
  0xec, 0xff, 0xff, 0xff, 0xff, 0xff, 0xff, 0xff, 0xd5, 0x0b, 0x00, 0x00,
  0x00, 0x13, 0x9c, 0xf7, 0xff, 0xff, 0xff, 0xf0, 0x81, 0x08, 0x00, 0x00,
  0x00, 0x00, 0x00, 0x00, 0x02, 0x22, 0x3d, 0x1b, 0x00, 0x00, 0x00, 0x00,
  0x00, 0x00, 0x00, 0x00, 0x00, 0x00, 0x00, 0x00, 0x13, 0x06, 0x00, 0x00,
  0x00, 0x00, 0x49, 0xeb, 0xeb, 0xe8, 0x00, 0x6b, 0xe6, 0xff, 0xfa, 0xce,
  0x44, 0x00, 0x00, 0x4f, 0xff, 0xff, 0xfb, 0x5d, 0xff, 0xff, 0xff, 0xff,
  0xff, 0xfd, 0x5c, 0x00, 0x4f, 0xff, 0xff, 0xfe, 0xe7, 0xe6, 0xb8, 0xd8,
  0xff, 0xff, 0xff, 0xe4, 0x09, 0x4f, 0xff, 0xff, 0xff, 0xac, 0x08, 0x00,
  0x00, 0x78, 0xff, 0xff, 0xff, 0x4b, 0x4f, 0xff, 0xff, 0xff, 0x21, 0x00,
  0x00, 0x00, 0x01, 0xe2, 0xff, 0xff, 0x6e, 0x4f, 0xff, 0xff, 0xf8, 0x00,
  0x00, 0x00, 0x00, 0x00, 0xb9, 0xff, 0xff, 0x8c, 0x4f, 0xff, 0xff, 0xf3,
  0x00, 0x00, 0x00, 0x00, 0x00, 0xb3, 0xff, 0xff, 0x8f, 0x4f, 0xff, 0xff,
  0xf6, 0x00, 0x00, 0x00, 0x00, 0x00, 0xb6, 0xff, 0xff, 0x8d, 0x4f, 0xff,
  0xff, 0xff, 0x14, 0x00, 0x00, 0x00, 0x00, 0xd6, 0xff, 0xff, 0x72, 0x4f,
  0xff, 0xff, 0xff, 0x86, 0x00, 0x00, 0x00, 0x49, 0xff, 0xff, 0xff, 0x4f,
  0x4f, 0xff, 0xff, 0xff, 0xf2, 0xb9, 0x83, 0xa3, 0xfb, 0xff, 0xff, 0xed,
  0x0f, 0x4f, 0xff, 0xff, 0xff, 0x70, 0xff, 0xff, 0xff, 0xff, 0xff, 0xff,
  0x6f, 0x00, 0x4f, 0xff, 0xff, 0xff, 0x09, 0x85, 0xf6, 0xff, 0xff, 0xea,
  0x5f, 0x00, 0x00, 0x4f, 0xff, 0xff, 0xff, 0x07, 0x00, 0x0c, 0x2f, 0x1d,
  0x00, 0x00, 0x00, 0x00, 0x4f, 0xff, 0xff, 0xff, 0x07, 0x00, 0x00, 0x00,
  0x00, 0x00, 0x00, 0x00, 0x00, 0x4f, 0xff, 0xff, 0xff, 0x07, 0x00, 0x00,
  0x00, 0x00, 0x00, 0x00, 0x00, 0x00, 0x4f, 0xff, 0xff, 0xff, 0x07, 0x00,
  0x00, 0x00, 0x00, 0x00, 0x00, 0x00, 0x00, 0x18, 0x4f, 0x4f, 0x4f, 0x02,
  0x00, 0x00, 0x00, 0x00, 0x00, 0x00, 0x00, 0x00, 0x00, 0x00, 0x00, 0x00,
  0x0b, 0x0e, 0x00, 0x00, 0x00, 0x00, 0x00, 0x00, 0x00, 0x00, 0x00, 0x64,
  0xd8, 0xfd, 0xff, 0xd8, 0x4d, 0x24, 0xeb, 0xeb, 0xeb, 0x1d, 0x00, 0x88,
  0xff, 0xff, 0xff, 0xff, 0xff, 0xfb, 0x5c, 0xff, 0xff, 0xff, 0x1f, 0x21,
  0xfa, 0xff, 0xff, 0xff, 0xcc, 0xbb, 0xf0, 0xe6, 0xff, 0xff, 0xff, 0x1f,
  0x79, 0xff, 0xff, 0xfe, 0x4d, 0x00, 0x00, 0x14, 0xce, 0xff, 0xff, 0xff,
  0x1f, 0x9b, 0xff, 0xff, 0xb6, 0x00, 0x00, 0x00, 0x00, 0x4f, 0xff, 0xff,
  0xff, 0x1f, 0xb8, 0xff, 0xff, 0x8d, 0x00, 0x00, 0x00, 0x00, 0x25, 0xff,
  0xff, 0xff, 0x1f, 0xbb, 0xff, 0xff, 0x87, 0x00, 0x00, 0x00, 0x00, 0x1f,
  0xff, 0xff, 0xff, 0x1f, 0xba, 0xff, 0xff, 0x89, 0x00, 0x00, 0x00, 0x00,
  0x22, 0xff, 0xff, 0xff, 0x1f, 0x9f, 0xff, 0xff, 0xa9, 0x00, 0x00, 0x00,
  0x00, 0x42, 0xff, 0xff, 0xff, 0x1f, 0x7c, 0xff, 0xff, 0xf6, 0x26, 0x00,
  0x00, 0x02, 0xb1, 0xff, 0xff, 0xff, 0x1f, 0x2c, 0xfd, 0xff, 0xff, 0xf1,
  0x97, 0x86, 0xcc, 0xf2, 0xff, 0xff, 0xff, 0x1f, 0x00, 0x9d, 0xff, 0xff,
  0xff, 0xff, 0xff, 0xff, 0x6f, 0xff, 0xff, 0xff, 0x1f, 0x00, 0x03, 0x81,
  0xf3, 0xff, 0xff, 0xec, 0x63, 0x33, 0xff, 0xff, 0xff, 0x1f, 0x00, 0x00,
  0x00, 0x01, 0x25, 0x2b, 0x07, 0x00, 0x33, 0xff, 0xff, 0xff, 0x1f, 0x00,
  0x00, 0x00, 0x00, 0x00, 0x00, 0x00, 0x00, 0x33, 0xff, 0xff, 0xff, 0x1f,
  0x00, 0x00, 0x00, 0x00, 0x00, 0x00, 0x00, 0x00, 0x33, 0xff, 0xff, 0xff,
  0x1f, 0x00, 0x00, 0x00, 0x00, 0x00, 0x00, 0x00, 0x00, 0x33, 0xff, 0xff,
  0xff, 0x1f, 0x00, 0x00, 0x00, 0x00, 0x00, 0x00, 0x00, 0x00, 0x10, 0x4f,
  0x4f, 0x4f, 0x09, 0x00, 0x00, 0x00, 0x00, 0x00, 0x00, 0x00, 0x00, 0x00,
  0x0f, 0x32, 0x30, 0x0a, 0x8c, 0xeb, 0xeb, 0xeb, 0xeb, 0xeb, 0x2c, 0x04,
  0x93, 0xfa, 0xff, 0xff, 0xdb, 0x97, 0xff, 0xff, 0xff, 0xff, 0xff, 0x2f,
  0x8a, 0xff, 0xff, 0xff, 0xff, 0xdb, 0x44, 0x73, 0x73, 0xf2, 0xff, 0xff,
  0x3b, 0xf5, 0xff, 0xff, 0xff, 0xff, 0xdb, 0x00, 0x00, 0x00, 0xe7, 0xff,
  0xff, 0xc7, 0xf2, 0x81, 0x44, 0x26, 0x3f, 0x5a, 0x00, 0x00, 0x00, 0xe7,
  0xff, 0xff, 0xf2, 0x21, 0x00, 0x00, 0x00, 0x00, 0x00, 0x00, 0x00, 0x00,
  0xe7, 0xff, 0xff, 0x7e, 0x00, 0x00, 0x00, 0x00, 0x00, 0x00, 0x00, 0x00,
  0x00, 0xe7, 0xff, 0xff, 0x49, 0x00, 0x00, 0x00, 0x00, 0x00, 0x00, 0x00,
  0x00, 0x00, 0xe7, 0xff, 0xff, 0x2d, 0x00, 0x00, 0x00, 0x00, 0x00, 0x00,
  0x00, 0x00, 0x00, 0xe7, 0xff, 0xff, 0x2b, 0x00, 0x00, 0x00, 0x00, 0x00,
  0x00, 0x00, 0x00, 0x00, 0xe7, 0xff, 0xff, 0x2b, 0x00, 0x00, 0x00, 0x00,
  0x00, 0x00, 0x1f, 0x57, 0x57, 0xf0, 0xff, 0xff, 0x74, 0x57, 0x57, 0x51,
  0x00, 0x00, 0x00, 0x5b, 0xff, 0xff, 0xff, 0xff, 0xff, 0xff, 0xff, 0xff,
  0xeb, 0x00, 0x00, 0x00, 0x5b, 0xff, 0xff, 0xff, 0xff, 0xff, 0xff, 0xff,
  0xff, 0xeb, 0x00, 0x00, 0x00, 0x00, 0x00, 0x00, 0x00, 0x01, 0x18, 0x2f,
  0x15, 0x00, 0x00, 0x00, 0x00, 0x00, 0x00, 0x18, 0x90, 0xf3, 0xff, 0xff,
  0xff, 0xeb, 0x7e, 0x0b, 0x00, 0x00, 0x0f, 0xd9, 0xff, 0xff, 0xff, 0xff,
  0xff, 0xff, 0xff, 0xb6, 0x03, 0x00, 0x83, 0xff, 0xff, 0xe2, 0x72, 0x49,
  0x83, 0xfc, 0xff, 0xff, 0x4a, 0x00, 0xbb, 0xff, 0xff, 0x6e, 0x00, 0x00,
  0x00, 0x64, 0x9b, 0x9b, 0x4f, 0x00, 0xb4, 0xff, 0xff, 0xd4, 0x36, 0x01,
  0x00, 0x00, 0x00, 0x00, 0x00, 0x00, 0x64, 0xff, 0xff, 0xff, 0xff, 0xef,
  0xbc, 0x7f, 0x30, 0x00, 0x00, 0x00, 0x01, 0x92, 0xff, 0xff, 0xff, 0xff,
  0xff, 0xff, 0xff, 0xaa, 0x0a, 0x00, 0x00, 0x00, 0x2e, 0x86, 0xc7, 0xf7,
  0xff, 0xff, 0xff, 0xff, 0x8b, 0x00, 0x00, 0x00, 0x00, 0x00, 0x00, 0x05,
  0x43, 0xda, 0xff, 0xff, 0xd5, 0x03, 0x8e, 0x8f, 0x8f, 0x27, 0x00, 0x00,
  0x00, 0x76, 0xff, 0xff, 0xd0, 0x00, 0xc9, 0xff, 0xff, 0xd7, 0x64, 0x3e,
  0x6e, 0xe3, 0xff, 0xff, 0x94, 0x00, 0x40, 0xf7, 0xff, 0xff, 0xff, 0xff,
  0xff, 0xff, 0xff, 0xde, 0x13, 0x00, 0x00, 0x3a, 0xb7, 0xfe, 0xff, 0xff,
  0xff, 0xf8, 0x96, 0x1b, 0x00, 0x00, 0x00, 0x00, 0x00, 0x0e, 0x2c, 0x3f,
  0x24, 0x05, 0x00, 0x00, 0x00, 0x00, 0x00, 0x00, 0x29, 0x9b, 0x9b, 0x88,
  0x00, 0x00, 0x00, 0x00, 0x00, 0x00, 0x00, 0x00, 0x43, 0xff, 0xff, 0xdf,
  0x00, 0x00, 0x00, 0x00, 0x00, 0x00, 0x00, 0x00, 0x43, 0xff, 0xff, 0xdf,
  0x00, 0x00, 0x00, 0x00, 0x00, 0x00, 0x00, 0x00, 0x43, 0xff, 0xff, 0xdf,
  0x00, 0x00, 0x00, 0x00, 0x00, 0x7f, 0xcb, 0xcb, 0xd9, 0xff, 0xff, 0xf9,
  0xcb, 0xcb, 0xcb, 0xcb, 0x8f, 0x9f, 0xff, 0xff, 0xff, 0xff, 0xff, 0xff,
  0xff, 0xff, 0xff, 0xff, 0xb3, 0x7c, 0xc7, 0xc7, 0xd6, 0xff, 0xff, 0xfc,
  0xc7, 0xc7, 0xc7, 0xc7, 0x8c, 0x00, 0x00, 0x00, 0x43, 0xff, 0xff, 0xef,
  0x00, 0x00, 0x00, 0x00, 0x00, 0x00, 0x00, 0x00, 0x43, 0xff, 0xff, 0xef,
  0x00, 0x00, 0x00, 0x00, 0x00, 0x00, 0x00, 0x00, 0x43, 0xff, 0xff, 0xef,
  0x00, 0x00, 0x00, 0x00, 0x00, 0x00, 0x00, 0x00, 0x43, 0xff, 0xff, 0xef,
  0x00, 0x00, 0x00, 0x00, 0x00, 0x00, 0x00, 0x00, 0x43, 0xff, 0xff, 0xef,
  0x00, 0x00, 0x00, 0x00, 0x00, 0x00, 0x00, 0x00, 0x43, 0xff, 0xff, 0xf0,
  0x00, 0x00, 0x00, 0x00, 0x00, 0x00, 0x00, 0x00, 0x2f, 0xff, 0xff, 0xff,
  0x2e, 0x00, 0x00, 0x00, 0x00, 0x00, 0x00, 0x00, 0x0c, 0xfd, 0xff, 0xff,
  0xe9, 0xa1, 0x87, 0x87, 0x4b, 0x00, 0x00, 0x00, 0x00, 0x8d, 0xff, 0xff,
  0xff, 0xff, 0xff, 0xff, 0x8b, 0x00, 0x00, 0x00, 0x00, 0x06, 0x68, 0xcd,
  0xec, 0xff, 0xff, 0xff, 0x8b, 0x00, 0x00, 0x00, 0x00, 0x00, 0x00, 0x00,
  0x00, 0x04, 0x06, 0x02, 0x00, 0x51, 0xeb, 0xeb, 0xce, 0x00, 0x00, 0x00,
  0x00, 0x07, 0xeb, 0xeb, 0xeb, 0x28, 0x57, 0xff, 0xff, 0xdf, 0x00, 0x00,
  0x00, 0x00, 0x07, 0xff, 0xff, 0xff, 0x2b, 0x57, 0xff, 0xff, 0xdf, 0x00,
  0x00, 0x00, 0x00, 0x07, 0xff, 0xff, 0xff, 0x2b, 0x57, 0xff, 0xff, 0xdf,
  0x00, 0x00, 0x00, 0x00, 0x07, 0xff, 0xff, 0xff, 0x2b, 0x57, 0xff, 0xff,
  0xdf, 0x00, 0x00, 0x00, 0x00, 0x07, 0xff, 0xff, 0xff, 0x2b, 0x57, 0xff,
  0xff, 0xdf, 0x00, 0x00, 0x00, 0x00, 0x07, 0xff, 0xff, 0xff, 0x2b, 0x57,
  0xff, 0xff, 0xdf, 0x00, 0x00, 0x00, 0x00, 0x07, 0xff, 0xff, 0xff, 0x2b,
  0x57, 0xff, 0xff, 0xe1, 0x00, 0x00, 0x00, 0x00, 0x0c, 0xff, 0xff, 0xff,
  0x2b, 0x53, 0xff, 0xff, 0xf7, 0x01, 0x00, 0x00, 0x00, 0x32, 0xff, 0xff,
  0xff, 0x2b, 0x34, 0xff, 0xff, 0xff, 0x54, 0x00, 0x00, 0x04, 0xaf, 0xff,
  0xff, 0xff, 0x2b, 0x0f, 0xf8, 0xff, 0xff, 0xfa, 0xa9, 0x95, 0xd5, 0xf8,
  0xfd, 0xff, 0xff, 0x2b, 0x00, 0x8a, 0xff, 0xff, 0xff, 0xff, 0xff, 0xff,
  0x77, 0xef, 0xff, 0xff, 0x2b, 0x00, 0x08, 0x8e, 0xfd, 0xff, 0xff, 0xf4,
  0x81, 0x01, 0xef, 0xff, 0xff, 0x2b, 0x00, 0x00, 0x00, 0x0b, 0x34, 0x37,
  0x0d, 0x00, 0x00, 0x00, 0x00, 0x00, 0x00, 0xb0, 0xeb, 0xeb, 0x9f, 0x00,
  0x00, 0x00, 0x00, 0x00, 0xba, 0xeb, 0xeb, 0x87, 0x69, 0xff, 0xff, 0xef,
  0x04, 0x00, 0x00, 0x00, 0x12, 0xfd, 0xff, 0xff, 0x3d, 0x14, 0xfb, 0xff,
  0xff, 0x3d, 0x00, 0x00, 0x00, 0x59, 0xff, 0xff, 0xe3, 0x01, 0x00, 0xb7,
  0xff, 0xff, 0x86, 0x00, 0x00, 0x00, 0xa2, 0xff, 0xff, 0x8b, 0x00, 0x00,
  0x5e, 0xff, 0xff, 0xd0, 0x00, 0x00, 0x01, 0xe9, 0xff, 0xff, 0x32, 0x00,
  0x00, 0x0d, 0xf7, 0xff, 0xff, 0x1b, 0x00, 0x34, 0xff, 0xff, 0xd9, 0x00,
  0x00, 0x00, 0x00, 0xab, 0xff, 0xff, 0x63, 0x00, 0x7d, 0xff, 0xff, 0x80,
  0x00, 0x00, 0x00, 0x00, 0x52, 0xff, 0xff, 0xac, 0x00, 0xc6, 0xff, 0xff,
  0x28, 0x00, 0x00, 0x00, 0x00, 0x08, 0xf1, 0xff, 0xf1, 0x17, 0xfc, 0xff,
  0xcf, 0x00, 0x00, 0x00, 0x00, 0x00, 0x00, 0xa0, 0xff, 0xff, 0x9d, 0xff,
  0xff, 0x76, 0x00, 0x00, 0x00, 0x00, 0x00, 0x00, 0x47, 0xff, 0xff, 0xff,
  0xff, 0xfe, 0x1f, 0x00, 0x00, 0x00, 0x00, 0x00, 0x00, 0x04, 0xea, 0xff,
  0xff, 0xff, 0xc4, 0x00, 0x00, 0x00, 0x00, 0x00, 0x00, 0x00, 0x00, 0x94,
  0xff, 0xff, 0xff, 0x6b, 0x00, 0x00, 0x00, 0x00, 0x9f, 0xeb, 0xeb, 0x4d,
  0x00, 0x01, 0xd8, 0xdf, 0xb3, 0x00, 0x00, 0x7a, 0xeb, 0xeb, 0x75, 0x7b,
  0xff, 0xff, 0x6f, 0x00, 0x1e, 0xff, 0xff, 0xf1, 0x00, 0x00, 0x9f, 0xff,
  0xff, 0x4e, 0x48, 0xff, 0xff, 0x8b, 0x00, 0x46, 0xff, 0xff, 0xff, 0x18,
  0x00, 0xbb, 0xff, 0xff, 0x1a, 0x15, 0xff, 0xff, 0xa7, 0x00, 0x6e, 0xff,
  0xff, 0xff, 0x40, 0x00, 0xd6, 0xff, 0xe7, 0x00, 0x00, 0xe2, 0xff, 0xc3,
  0x00, 0x96, 0xff, 0xd6, 0xff, 0x67, 0x00, 0xf2, 0xff, 0xb4, 0x00, 0x00,
  0xaf, 0xff, 0xdf, 0x00, 0xbd, 0xff, 0x6a, 0xff, 0x8e, 0x0e, 0xff, 0xff,
  0x80, 0x00, 0x00, 0x7c, 0xff, 0xfa, 0x01, 0xe5, 0xeb, 0x18, 0xff, 0xb6,
  0x2a, 0xff, 0xff, 0x4d, 0x00, 0x00, 0x49, 0xff, 0xff, 0x26, 0xff, 0xb7,
  0x00, 0xe4, 0xdd, 0x45, 0xff, 0xff, 0x19, 0x00, 0x00, 0x16, 0xff, 0xff,
  0x6a, 0xff, 0x83, 0x00, 0xb0, 0xfd, 0x6a, 0xff, 0xe6, 0x00, 0x00, 0x00,
  0x00, 0xe3, 0xff, 0xed, 0xff, 0x4f, 0x00, 0x7c, 0xff, 0xec, 0xff, 0xb3,
  0x00, 0x00, 0x00, 0x00, 0xb0, 0xff, 0xff, 0xff, 0x1c, 0x00, 0x49, 0xff,
  0xff, 0xff, 0x7f, 0x00, 0x00, 0x00, 0x00, 0x7d, 0xff, 0xff, 0xe9, 0x00,
  0x00, 0x16, 0xff, 0xff, 0xff, 0x4c, 0x00, 0x00, 0x00, 0x00, 0x49, 0xff,
  0xff, 0xb5, 0x00, 0x00, 0x00, 0xe1, 0xff, 0xff, 0x19, 0x00, 0x00, 0x70,
  0xeb, 0xeb, 0xeb, 0x2e, 0x00, 0x00, 0x00, 0x32, 0xeb, 0xeb, 0xeb, 0x3e,
  0x06, 0xd7, 0xff, 0xff, 0xbc, 0x00, 0x00, 0x00, 0xc0, 0xff, 0xff, 0xa4,
  0x00, 0x00, 0x3c, 0xfe, 0xff, 0xff, 0x4b, 0x00, 0x50, 0xff, 0xff, 0xeb,
  0x14, 0x00, 0x00, 0x00, 0x98, 0xff, 0xff, 0xd7, 0x0a, 0xda, 0xff, 0xff,
  0x59, 0x00, 0x00, 0x00, 0x00, 0x0f, 0xe6, 0xff, 0xff, 0xcd, 0xff, 0xff,
  0xb5, 0x00, 0x00, 0x00, 0x00, 0x00, 0x00, 0x54, 0xff, 0xff, 0xff, 0xff,
  0xf2, 0x1d, 0x00, 0x00, 0x00, 0x00, 0x00, 0x00, 0x00, 0xca, 0xff, 0xff,
  0xff, 0x98, 0x00, 0x00, 0x00, 0x00, 0x00, 0x00, 0x00, 0x35, 0xfc, 0xff,
  0xff, 0xff, 0xf5, 0x21, 0x00, 0x00, 0x00, 0x00, 0x00, 0x05, 0xd1, 0xff,
  0xff, 0xdf, 0xff, 0xff, 0xba, 0x00, 0x00, 0x00, 0x00, 0x00, 0x7c, 0xff,
  0xff, 0xc1, 0x1d, 0xf4, 0xff, 0xff, 0x5d, 0x00, 0x00, 0x00, 0x27, 0xf8,
  0xff, 0xfb, 0x2d, 0x00, 0x79, 0xff, 0xff, 0xeb, 0x14, 0x00, 0x01, 0xc3,
  0xff, 0xff, 0x8f, 0x00, 0x00, 0x06, 0xda, 0xff, 0xff, 0xa3, 0x00, 0x69,
  0xff, 0xff, 0xe8, 0x0f, 0x00, 0x00, 0x00, 0x48, 0xff, 0xff, 0xff, 0x46,
  0xc9, 0xeb, 0xeb, 0x98, 0x00, 0x00, 0x00, 0x00, 0x00, 0xa4, 0xeb, 0xeb,
  0x9e, 0x85, 0xff, 0xff, 0xea, 0x01, 0x00, 0x00, 0x00, 0x05, 0xf2, 0xff,
  0xff, 0x57, 0x2b, 0xff, 0xff, 0xff, 0x35, 0x00, 0x00, 0x00, 0x42, 0xff,
  0xff, 0xf5, 0x0b, 0x00, 0xd2, 0xff, 0xff, 0x7e, 0x00, 0x00, 0x00, 0x8b,
  0xff, 0xff, 0xa9, 0x00, 0x00, 0x78, 0xff, 0xff, 0xc7, 0x00, 0x00, 0x00,
  0xd4, 0xff, 0xff, 0x52, 0x00, 0x00, 0x20, 0xff, 0xff, 0xfd, 0x14, 0x00,
  0x1e, 0xff, 0xff, 0xf2, 0x08, 0x00, 0x00, 0x00, 0xc5, 0xff, 0xff, 0x5a,
  0x00, 0x67, 0xff, 0xff, 0xa4, 0x00, 0x00, 0x00, 0x00, 0x6c, 0xff, 0xff,
  0xa4, 0x00, 0xb1, 0xff, 0xff, 0x4d, 0x00, 0x00, 0x00, 0x00, 0x16, 0xfc,
  0xff, 0xeb, 0x09, 0xf3, 0xff, 0xef, 0x06, 0x00, 0x00, 0x00, 0x00, 0x00,
  0xb9, 0xff, 0xff, 0x7b, 0xff, 0xff, 0x9f, 0x00, 0x00, 0x00, 0x00, 0x00,
  0x00, 0x60, 0xff, 0xff, 0xfd, 0xff, 0xff, 0x48, 0x00, 0x00, 0x00, 0x00,
  0x00, 0x00, 0x0e, 0xf7, 0xff, 0xff, 0xff, 0xec, 0x04, 0x00, 0x00, 0x00,
  0x00, 0x00, 0x00, 0x00, 0xad, 0xff, 0xff, 0xff, 0x99, 0x00, 0x00, 0x00,
  0x00, 0x00, 0x00, 0x00, 0x00, 0x9e, 0xff, 0xff, 0xff, 0x3a, 0x00, 0x00,
  0x00, 0x00, 0x00, 0x00, 0x0c, 0x5a, 0xfd, 0xff, 0xff, 0xc9, 0x00, 0x00,
  0x00, 0x00, 0x00, 0x00, 0x9d, 0xfc, 0xff, 0xff, 0xff, 0xfb, 0x42, 0x00,
  0x00, 0x00, 0x00, 0x00, 0x00, 0xa3, 0xff, 0xff, 0xff, 0xf4, 0x60, 0x00,
  0x00, 0x00, 0x00, 0x00, 0x00, 0x00, 0x6b, 0xa9, 0x92, 0x70, 0x14, 0x00,
  0x00, 0x00, 0x00, 0x00, 0x00, 0x00, 0xc7, 0xeb, 0xeb, 0xeb, 0xeb, 0xeb,
  0xeb, 0xeb, 0xeb, 0xeb, 0x93, 0xd7, 0xff, 0xff, 0xff, 0xff, 0xff, 0xff,
  0xff, 0xff, 0xff, 0x9f, 0x91, 0xab, 0xab, 0xab, 0xab, 0xab, 0xc0, 0xff,
  0xff, 0xff, 0x64, 0x00, 0x00, 0x00, 0x00, 0x00, 0x03, 0xb8, 0xff, 0xff,
  0x9e, 0x00, 0x00, 0x00, 0x00, 0x00, 0x00, 0x8c, 0xff, 0xff, 0xcb, 0x07,
  0x00, 0x00, 0x00, 0x00, 0x00, 0x5d, 0xff, 0xff, 0xea, 0x1d, 0x00, 0x00,
  0x00, 0x00, 0x00, 0x36, 0xf7, 0xff, 0xfb, 0x40, 0x00, 0x00, 0x00, 0x00,
  0x00, 0x1a, 0xe5, 0xff, 0xff, 0x70, 0x00, 0x00, 0x00, 0x00, 0x00, 0x07,
  0xc9, 0xff, 0xff, 0xa5, 0x00, 0x00, 0x00, 0x00, 0x00, 0x00, 0xa2, 0xff,
  0xff, 0xd0, 0x09, 0x00, 0x00, 0x00, 0x00, 0x00, 0x74, 0xff, 0xff, 0xff,
  0xb7, 0x93, 0x93, 0x93, 0x93, 0x93, 0x71, 0xef, 0xff, 0xff, 0xff, 0xff,
  0xff, 0xff, 0xff, 0xff, 0xff, 0xc3, 0xef, 0xff, 0xff, 0xff, 0xff, 0xff,
  0xff, 0xff, 0xff, 0xff, 0xc3, 0x00, 0x00, 0x00, 0x00, 0x00, 0x03, 0x44,
  0x62, 0x79, 0x7b, 0x26, 0x00, 0x00, 0x00, 0x00, 0x22, 0xd7, 0xff, 0xff,
  0xff, 0xff, 0x4f, 0x00, 0x00, 0x00, 0x00, 0xaa, 0xff, 0xff, 0xff, 0xff,
  0xff, 0x4f, 0x00, 0x00, 0x00, 0x00, 0xea, 0xff, 0xff, 0xb1, 0x2a, 0x18,
  0x07, 0x00, 0x00, 0x00, 0x06, 0xff, 0xff, 0xff, 0x41, 0x00, 0x00, 0x00,
  0x00, 0x00, 0x00, 0x0f, 0xff, 0xff, 0xff, 0x31, 0x00, 0x00, 0x00, 0x00,
  0x00, 0x00, 0x0f, 0xff, 0xff, 0xff, 0x2f, 0x00, 0x00, 0x00, 0x00, 0x00,
  0x00, 0x15, 0xff, 0xff, 0xff, 0x2f, 0x00, 0x00, 0x00, 0x00, 0x00, 0x00,
  0x41, 0xff, 0xff, 0xff, 0x2d, 0x00, 0x00, 0x00, 0x0b, 0x20, 0x4e, 0xd8,
  0xff, 0xff, 0xf9, 0x0a, 0x00, 0x00, 0x00, 0x7b, 0xff, 0xff, 0xff, 0xff,
  0xf8, 0x65, 0x00, 0x00, 0x00, 0x00, 0x7b, 0xff, 0xff, 0xfb, 0x94, 0x25,
  0x00, 0x00, 0x00, 0x00, 0x00, 0x7b, 0xff, 0xff, 0xff, 0xff, 0xeb, 0x4d,
  0x00, 0x00, 0x00, 0x00, 0x18, 0x3e, 0x6c, 0xe6, 0xff, 0xff, 0xf2, 0x06,
  0x00, 0x00, 0x00, 0x00, 0x00, 0x00, 0x4d, 0xff, 0xff, 0xff, 0x2b, 0x00,
  0x00, 0x00, 0x00, 0x00, 0x00, 0x18, 0xff, 0xff, 0xff, 0x2f, 0x00, 0x00,
  0x00, 0x00, 0x00, 0x00, 0x0f, 0xff, 0xff, 0xff, 0x2f, 0x00, 0x00, 0x00,
  0x00, 0x00, 0x00, 0x0f, 0xff, 0xff, 0xff, 0x30, 0x00, 0x00, 0x00, 0x00,
  0x00, 0x00, 0x08, 0xff, 0xff, 0xff, 0x3d, 0x00, 0x00, 0x00, 0x00, 0x00,
  0x00, 0x00, 0xed, 0xff, 0xff, 0x9f, 0x10, 0x00, 0x00, 0x00, 0x00, 0x00,
  0x00, 0xb5, 0xff, 0xff, 0xff, 0xff, 0xff, 0x4f, 0x00, 0x00, 0x00, 0x00,
  0x2d, 0xe8, 0xff, 0xff, 0xff, 0xff, 0x4f, 0x00, 0x00, 0x00, 0x00, 0x00,
  0x0b, 0x5e, 0x7c, 0x91, 0x93, 0x2e, 0x17, 0x7b, 0x7b, 0x7b, 0x2f, 0xff,
  0xff, 0xff, 0x2f, 0xff, 0xff, 0xff, 0x2f, 0xff, 0xff, 0xff, 0x2f, 0xff,
  0xff, 0xff, 0x2f, 0xff, 0xff, 0xff, 0x2f, 0xff, 0xff, 0xff, 0x2f, 0xff,
  0xff, 0xff, 0x2f, 0xff, 0xff, 0xff, 0x2f, 0xff, 0xff, 0xff, 0x2f, 0xff,
  0xff, 0xff, 0x2f, 0xff, 0xff, 0xff, 0x2f, 0xff, 0xff, 0xff, 0x2f, 0xff,
  0xff, 0xff, 0x2f, 0xff, 0xff, 0xff, 0x2f, 0xff, 0xff, 0xff, 0x2f, 0xff,
  0xff, 0xff, 0x2f, 0xff, 0xff, 0xff, 0x2f, 0xff, 0xff, 0xff, 0x2f, 0xff,
  0xff, 0xff, 0x2f, 0xff, 0xff, 0xff, 0x2f, 0xff, 0xff, 0xff, 0x2f, 0xff,
  0xff, 0xff, 0x2f, 0xff, 0xff, 0xff, 0x2f, 0xff, 0xff, 0xff, 0x20, 0xab,
  0xab, 0xab, 0x3c, 0x7b, 0x77, 0x5e, 0x38, 0x00, 0x00, 0x00, 0x00, 0x00,
  0x00, 0x7b, 0xff, 0xff, 0xff, 0xff, 0xc0, 0x0a, 0x00, 0x00, 0x00, 0x00,
  0x7b, 0xff, 0xff, 0xff, 0xff, 0xff, 0x7c, 0x00, 0x00, 0x00, 0x00, 0x0b,
  0x19, 0x34, 0xd1, 0xff, 0xff, 0xbc, 0x00, 0x00, 0x00, 0x00, 0x00, 0x00,
  0x00, 0x72, 0xff, 0xff, 0xd9, 0x00, 0x00, 0x00, 0x00, 0x00, 0x00, 0x00,
  0x61, 0xff, 0xff, 0xe3, 0x00, 0x00, 0x00, 0x00, 0x00, 0x00, 0x00, 0x5f,
  0xff, 0xff, 0xe3, 0x00, 0x00, 0x00, 0x00, 0x00, 0x00, 0x00, 0x5f, 0xff,
  0xff, 0xe9, 0x00, 0x00, 0x00, 0x00, 0x00, 0x00, 0x00, 0x5d, 0xff, 0xff,
  0xff, 0x15, 0x00, 0x00, 0x00, 0x00, 0x00, 0x00, 0x34, 0xff, 0xff, 0xff,
  0xc0, 0x3f, 0x1d, 0x06, 0x00, 0x00, 0x00, 0x00, 0x8e, 0xfe, 0xff, 0xff,
  0xff, 0xff, 0x4f, 0x00, 0x00, 0x00, 0x00, 0x00, 0x38, 0xa9, 0xff, 0xff,
  0xff, 0x4f, 0x00, 0x00, 0x00, 0x00, 0x70, 0xf6, 0xff, 0xff, 0xff, 0xff,
  0x4f, 0x00, 0x00, 0x00, 0x2b, 0xfe, 0xff, 0xff, 0xd3, 0x5e, 0x3b, 0x0f,
  0x00, 0x00, 0x00, 0x5b, 0xff, 0xff, 0xff, 0x20, 0x00, 0x00, 0x00, 0x00,
  0x00, 0x00, 0x5f, 0xff, 0xff, 0xeb, 0x00, 0x00, 0x00, 0x00, 0x00, 0x00,
  0x00, 0x5f, 0xff, 0xff, 0xe3, 0x00, 0x00, 0x00, 0x00, 0x00, 0x00, 0x00,
  0x60, 0xff, 0xff, 0xe3, 0x00, 0x00, 0x00, 0x00, 0x00, 0x00, 0x00, 0x6e,
  0xff, 0xff, 0xdb, 0x00, 0x00, 0x00, 0x00, 0x00, 0x01, 0x1a, 0xc5, 0xff,
  0xff, 0xbf, 0x00, 0x00, 0x00, 0x00, 0x7b, 0xff, 0xff, 0xff, 0xff, 0xff,
  0x87, 0x00, 0x00, 0x00, 0x00, 0x7b, 0xff, 0xff, 0xff, 0xff, 0xd5, 0x10,
  0x00, 0x00, 0x00, 0x00, 0x47, 0x93, 0x8f, 0x77, 0x51, 0x03, 0x00, 0x00,
  0x00, 0x00, 0x00, 0x00, 0x00, 0x02, 0x2b, 0x23, 0x00, 0x00, 0x00, 0x00,
  0x00, 0x00, 0x00, 0x00, 0x00, 0x35, 0xe3, 0xff, 0xff, 0xda, 0x37, 0x00,
  0x00, 0x2b, 0xeb, 0xeb, 0x75, 0x0b, 0xea, 0xff, 0xff, 0xff, 0xff, 0xf5,
  0x53, 0x00, 0x7a, 0xff, 0xff, 0x65, 0x67, 0xff, 0xff, 0xf9, 0xe0, 0xff,
  0xff, 0xff, 0xe4, 0xfe, 0xff, 0xff, 0x39, 0x93, 0xff, 0xff, 0x51, 0x00,
  0x67, 0xfa, 0xff, 0xff, 0xff, 0xff, 0xc8, 0x00, 0x97, 0xe3, 0xe3, 0x08,
  0x00, 0x00, 0x3a, 0xe1, 0xff, 0xff, 0xcd, 0x1e, 0x00, 0x00, 0x00, 0x00,
  0x00, 0x00, 0x00, 0x00, 0x00, 0x26, 0x20, 0x00, 0x00, 0x00, 0x00, 0x00,
  0x00, 0x00, 0x00, 0x00, 0x06, 0x23, 0x40, 0x53, 0x4a, 0x39, 0x11, 0x00,
  0x00, 0x00, 0x00, 0x00, 0x1d, 0x8e, 0xf1, 0xff, 0xff, 0xff, 0xff, 0xff,
  0xff, 0x17, 0x00, 0x00, 0x00, 0x1c, 0xe3, 0xff, 0xff, 0xff, 0xff, 0xff,
  0xff, 0xff, 0xff, 0x17, 0x00, 0x00, 0x00, 0xb3, 0xff, 0xff, 0xff, 0xff,
  0xca, 0xa6, 0xaf, 0xcb, 0xe7, 0x17, 0x00, 0x00, 0x02, 0xf0, 0xff, 0xff,
  0xed, 0x34, 0x00, 0x00, 0x00, 0x00, 0x00, 0x00, 0x00, 0x00, 0x0b, 0xff,
  0xff, 0xff, 0x87, 0x00, 0x00, 0x00, 0x00, 0x00, 0x00, 0x00, 0x00, 0x00,
  0x00, 0xe7, 0xff, 0xff, 0x8c, 0x00, 0x00, 0x00, 0x00, 0x00, 0x00, 0x00,
  0x00, 0x00, 0x00, 0x9c, 0xff, 0xff, 0xc8, 0x00, 0x00, 0x00, 0x00, 0x00,
  0x00, 0x00, 0x00, 0xfb, 0xfb, 0xfd, 0xff, 0xff, 0xff, 0xfb, 0xfb, 0xfb,
  0xfb, 0x9d, 0x00, 0x00, 0x00, 0xff, 0xff, 0xff, 0xff, 0xff, 0xff, 0xff,
  0xff, 0xff, 0xff, 0x9f, 0x00, 0x00, 0x00, 0x9b, 0x9b, 0x9b, 0xde, 0xff,
  0xff, 0xdb, 0x9b, 0x9b, 0x9b, 0x61, 0x00, 0x00, 0x00, 0x00, 0x00, 0x00,
  0xa2, 0xff, 0xff, 0xb3, 0x00, 0x00, 0x00, 0x00, 0x00, 0x00, 0x00, 0x00,
  0x00, 0x00, 0xd3, 0xff, 0xff, 0x8d, 0x00, 0x00, 0x00, 0x00, 0x00, 0x00,
  0x00, 0x00, 0x00, 0x5a, 0xff, 0xff, 0xe0, 0x1d, 0x00, 0x00, 0x00, 0x00,
  0x00, 0x00, 0x00, 0x14, 0x77, 0xfa, 0xff, 0xf5, 0x43, 0x23, 0x23, 0x23,
  0x23, 0x23, 0x23, 0x1e, 0x03, 0xfc, 0xff, 0xff, 0xff, 0xff, 0xff, 0xff,
  0xff, 0xff, 0xff, 0xff, 0xff, 0xdb, 0x03, 0xff, 0xff, 0xff, 0xff, 0xff,
  0xff, 0xff, 0xff, 0xff, 0xff, 0xff, 0xff, 0xdb, 0x03, 0xff, 0xff, 0xff,
  0xff, 0xff, 0xff, 0xff, 0xff, 0xff, 0xff, 0xff, 0xff, 0xdb, 0x00, 0x00,
  0x38, 0x8a, 0xaa, 0x81, 0x24, 0x00, 0x00, 0x00, 0x79, 0xfd, 0xff, 0xff,
  0xff, 0xf5, 0x54, 0x00, 0x36, 0xfd, 0xfd, 0x95, 0x60, 0xac, 0xff, 0xef,
  0x17, 0x8a, 0xff, 0x98, 0x00, 0x00, 0x00, 0xc1, 0xff, 0x5c, 0xac, 0xff,
  0x63, 0x00, 0x00, 0x00, 0x8c, 0xff, 0x7f, 0x85, 0xff, 0xa2, 0x00, 0x00,
  0x01, 0xca, 0xff, 0x58, 0x2d, 0xfa, 0xff, 0xa8, 0x74, 0xbe, 0xff, 0xe8,
  0x11, 0x00, 0x68, 0xf9, 0xff, 0xff, 0xff, 0xed, 0x45, 0x00, 0x00, 0x00,
  0x28, 0x77, 0x97, 0x6e, 0x18, 0x00, 0x00, 0x3a, 0xeb, 0xeb, 0xce, 0x00,
  0x00, 0x00, 0x00, 0x81, 0xeb, 0xeb, 0x8c, 0x00, 0x00, 0x3f, 0xff, 0xff,
  0xdf, 0x00, 0x00, 0x00, 0x00, 0x8b, 0xff, 0xff, 0x97, 0x00, 0x00, 0x3f,
  0xff, 0xff, 0xdf, 0x00, 0x00, 0x00, 0x00, 0x8b, 0xff, 0xff, 0x97, 0x00,
  0x00, 0x3f, 0xff, 0xff, 0xdf, 0x00, 0x00, 0x00, 0x00, 0x8b, 0xff, 0xff,
  0x97, 0x00, 0x00, 0x3f, 0xff, 0xff, 0xdf, 0x00, 0x00, 0x00, 0x00, 0x8b,
  0xff, 0xff, 0x97, 0x00, 0x00, 0x3f, 0xff, 0xff, 0xdf, 0x00, 0x00, 0x00,
  0x00, 0x8b, 0xff, 0xff, 0x97, 0x00, 0x00, 0x3f, 0xff, 0xff, 0xdf, 0x00,
  0x00, 0x00, 0x00, 0x8b, 0xff, 0xff, 0x97, 0x00, 0x00, 0x3f, 0xff, 0xff,
  0xe0, 0x00, 0x00, 0x00, 0x00, 0x8d, 0xff, 0xff, 0x97, 0x00, 0x00, 0x3f,
  0xff, 0xff, 0xf5, 0x00, 0x00, 0x00, 0x00, 0xa9, 0xff, 0xff, 0x97, 0x00,
  0x00, 0x3f, 0xff, 0xff, 0xff, 0x50, 0x00, 0x00, 0x21, 0xf4, 0xff, 0xff,
  0xa7, 0x00, 0x00, 0x3f, 0xff, 0xff, 0xff, 0xf9, 0xa3, 0x9c, 0xed, 0xe8,
  0xff, 0xff, 0xf2, 0x86, 0x2c, 0x3f, 0xff, 0xff, 0xff, 0xff, 0xff, 0xff,
  0xff, 0x6b, 0xe8, 0xff, 0xff, 0xff, 0x57, 0x3f, 0xff, 0xff, 0xe8, 0xaa,
  0xff, 0xff, 0xc8, 0x08, 0x4b, 0xe7, 0xff, 0xfe, 0x53, 0x3f, 0xff, 0xff,
  0xdf, 0x01, 0x29, 0x35, 0x03, 0x00, 0x00, 0x01, 0x16, 0x09, 0x00, 0x3f,
  0xff, 0xff, 0xdf, 0x00, 0x00, 0x00, 0x00, 0x00, 0x00, 0x00, 0x00, 0x00,
  0x00, 0x3f, 0xff, 0xff, 0xdf, 0x00, 0x00, 0x00, 0x00, 0x00, 0x00, 0x00,
  0x00, 0x00, 0x00, 0x3f, 0xff, 0xff, 0xdf, 0x00, 0x00, 0x00, 0x00, 0x00,
  0x00, 0x00, 0x00, 0x00, 0x00, 0x13, 0x4f, 0x4f, 0x45, 0x00, 0x00, 0x00,
  0x00, 0x00, 0x00, 0x00, 0x00, 0x00, 0x00, 0x00, 0x00, 0x00, 0x00, 0x00,
  0x0b, 0x2b, 0x3a, 0x28, 0x05, 0x00, 0x00, 0x00, 0x00, 0x00, 0x00, 0x00,
  0x00, 0x1e, 0xb1, 0xf9, 0xff, 0xff, 0xff, 0xf2, 0x9a, 0x0e, 0x00, 0x00,
  0x00, 0x00, 0x00, 0x58, 0xf1, 0xff, 0xff, 0xff, 0xff, 0xff, 0xff, 0xff,
  0xe1, 0x3b, 0x00, 0x00, 0x00, 0x22, 0xf9, 0xff, 0xff, 0xff, 0xe1, 0xc1,
  0xea, 0xff, 0xff, 0xff, 0xe4, 0x0a, 0x00, 0x00, 0xa9, 0xff, 0xff, 0xee,
  0x45, 0x00, 0x00, 0x00, 0x67, 0xfa, 0xff, 0xff, 0x7b, 0x00, 0x17, 0xff,
  0xff, 0xff, 0x63, 0x00, 0x00, 0x00, 0x00, 0x00, 0x94, 0xff, 0xff, 0xe8,
  0x00, 0x3c, 0xff, 0xff, 0xf3, 0x08, 0x00, 0x00, 0x00, 0x00, 0x00, 0x2d,
  0xff, 0xff, 0xff, 0x0f, 0x60, 0xff, 0xff, 0xd4, 0x00, 0x00, 0x00, 0x00,
  0x00, 0x00, 0x07, 0xff, 0xff, 0xff, 0x32, 0x7c, 0xff, 0xff, 0xbc, 0x00,
  0x00, 0x00, 0x00, 0x00, 0x00, 0x00, 0xec, 0xff, 0xff, 0x4f, 0x69, 0xff,
  0xff, 0xc2, 0x00, 0x00, 0x00, 0x00, 0x00, 0x00, 0x00, 0xf4, 0xff, 0xff,
  0x3c, 0x48, 0xff, 0xff, 0xda, 0x00, 0x00, 0x00, 0x00, 0x00, 0x00, 0x0b,
  0xff, 0xff, 0xff, 0x1b, 0x07, 0xef, 0xff, 0xff, 0x20, 0x00, 0x00, 0x00,
  0x00, 0x00, 0x50, 0xff, 0xff, 0xc8, 0x00, 0x00, 0x88, 0xff, 0xff, 0x91,
  0x00, 0x00, 0x00, 0x00, 0x02, 0xbf, 0xff, 0xff, 0x58, 0x00, 0x00, 0x07,
  0xd0, 0xff, 0xff, 0x65, 0x00, 0x00, 0x03, 0x90, 0xff, 0xff, 0xa7, 0x00,
  0x00, 0x00, 0x00, 0x12, 0xbc, 0xff, 0xff, 0x8b, 0x00, 0xb7, 0xff, 0xff,
  0x97, 0x05, 0x00, 0x00, 0x6e, 0xc3, 0xc3, 0xcd, 0xff, 0xff, 0xb3, 0x00,
  0xdf, 0xff, 0xfe, 0xc4, 0xc3, 0xc3, 0x4c, 0x8f, 0xff, 0xff, 0xff, 0xff,
  0xff, 0xb3, 0x00, 0xdf, 0xff, 0xff, 0xff, 0xff, 0xff, 0x63, 0x8f, 0xff,
  0xff, 0xff, 0xff, 0xff, 0xb3, 0x00, 0xdf, 0xff, 0xff, 0xff, 0xff, 0xff,
  0x63, 0x00, 0x00, 0x00, 0x00, 0x00, 0x00, 0x00, 0x00, 0x00, 0x06, 0x22,
  0x33, 0x22, 0x02, 0x00, 0x00, 0x00, 0x00, 0x00, 0x00, 0x37, 0xaa, 0xe7,
  0xfe, 0xff, 0xff, 0xff, 0x2f, 0x00, 0x00, 0x00, 0x00, 0x0f, 0xbd, 0xff,
  0xff, 0xff, 0xff, 0xff, 0xff, 0xff, 0x2f, 0x00, 0x00, 0x00, 0x0a, 0xc3,
  0xff, 0xff, 0xff, 0xff, 0xec, 0xcd, 0xb9, 0xc9, 0x28, 0x00, 0x00, 0x00,
  0x97, 0xff, 0xff, 0xff, 0xd3, 0x48, 0x02, 0x00, 0x00, 0x00, 0x00, 0x00,
  0x00, 0x0c, 0xf3, 0xff, 0xff, 0xcd, 0x0f, 0x00, 0x00, 0x00, 0x00, 0x00,
  0x00, 0x03, 0x03, 0x65, 0xff, 0xff, 0xff, 0x3e, 0x03, 0x03, 0x03, 0x03,
  0x03, 0x00, 0x00, 0xcb, 0xff, 0xff, 0xff, 0xff, 0xff, 0xff, 0xff, 0xff,
  0xff, 0xff, 0xfb, 0x00, 0x00, 0x98, 0xbf, 0xf4, 0xff, 0xff, 0xe1, 0xbf,
  0xbf, 0xbf, 0xbf, 0xbf, 0xbc, 0x00, 0x00, 0x00, 0x00, 0xd5, 0xff, 0xff,
  0x7f, 0x00, 0x00, 0x00, 0x00, 0x00, 0x00, 0x00, 0x00, 0x6f, 0x8b, 0xeb,
  0xff, 0xff, 0xc8, 0x8b, 0x8b, 0x8b, 0x8b, 0x8b, 0x89, 0x00, 0x00, 0xcb,
  0xff, 0xff, 0xff, 0xff, 0xff, 0xff, 0xff, 0xff, 0xff, 0xff, 0xfb, 0x00,
  0x00, 0x2f, 0x3b, 0x88, 0xff, 0xff, 0xff, 0x69, 0x3b, 0x3b, 0x3b, 0x3b,
  0x3b, 0x00, 0x00, 0x00, 0x00, 0x11, 0xf7, 0xff, 0xff, 0xbf, 0x05, 0x00,
  0x00, 0x00, 0x00, 0x00, 0x00, 0x00, 0x00, 0x00, 0xa1, 0xff, 0xff, 0xff,
  0xbf, 0x2b, 0x00, 0x00, 0x00, 0x00, 0x00, 0x00, 0x00, 0x00, 0x13, 0xd3,
  0xff, 0xff, 0xff, 0xff, 0xd3, 0xb1, 0xa0, 0xab, 0x24, 0x00, 0x00, 0x00,
  0x00, 0x18, 0xd4, 0xff, 0xff, 0xff, 0xff, 0xff, 0xff, 0xff, 0x33, 0x00,
  0x00, 0x00, 0x00, 0x00, 0x02, 0x51, 0xc2, 0xfd, 0xff, 0xff, 0xff, 0xff,
  0x33, 0x00, 0x00, 0x00, 0x00, 0x00, 0x00, 0x00, 0x00, 0x04, 0x1f, 0x3c,
  0x4b, 0x3d, 0x0a, 0x00, 0x0c, 0x53, 0x46, 0x20, 0x4d, 0x6f, 0x6e, 0x6f,
  0x20, 0x42, 0x6f, 0x6c, 0x64, 0x00, 0x0b, 0x53, 0x46, 0x4d, 0x6f, 0x6e,
  0x6f, 0x2d, 0x42, 0x6f, 0x6c, 0x64, 0x01
};
unsigned int _Users_shirokuma89dev_TanoRoboRCJ_Software_Firmware_RP2040_TFT_src_ui_kit_font_SF_Mono_Bold24_vlw_len = 23191;
